#OTU_ID	CROP_0101	CROP_0102	CROP_0103	CROP_0104	CROP_0105	CROP_0106	CROP_0107	CROP_0108	CROP_0109	CROP_0110	CROP_01EB	CROP_01FB	CROP_0201	CROP_0202	CROP_0203	CROP_0204	CROP_0205	CROP_0206	CROP_0207	CROP_0208	CROP_0209	CROP_0210	CROP_0211	CROP_0212	CROP_0213	CROP_0214	CROP_02EB	CROP_02FB	CROP_0301	CROP_0302	CROP_0303	CROP_0304	CROP_0305	CROP_0306	CROP_0307	CROP_0308	CROP_0309	CROP_0310	CROP_03EB	CROP_03FB	CROP_0401	CROP_0402	CROP_0403	CROP_0404	CROP_0405	CROP_0406	CROP_0407	CROP_0408	CROP_0409	CROP_0410	CROP_04EB	CROP_04FB	CROP_0501	CROP_0502	CROP_0503	CROP_0504	CROP_0505	CROP_0506	CROP_0507	CROP_0508	CROP_0509	CROP_0510	CROP_0511	CROP_0512	CROP_0514	CROP_05EB	CROP_05FB	CROP_0601	CROP_0602	CROP_0603	CROP_0604	CROP_0605	CROP_0606	CROP_0607	CROP_0608	CROP_0609	CROP_0610	CROP_06EB	CROP_06FB	CROP_0701	CROP_0702	CROP_0703	CROP_0704	CROP_0705	CROP_0706	CROP_0707	CROP_0708	CROP_0709	CROP_0710	CROP_07EB	CROP_07FB	CROP_0801	CROP_0802	CROP_0803	CROP_0804	CROP_0805	CROP_0806	CROP_0807	CROP_0808	CROP_0809	CROP_0810	CROP_0811	CROP_0812	CROP_0813	CROP_0814	CROP_08EB	CROP_08FB	CROP_0901	CROP_0902	CROP_0903	CROP_0904	CROP_0905	CROP_0906	CROP_0907	CROP_0908	CROP_0909	CROP_0910	CROP_09EB	CROP_09FB	CROP_1001	CROP_1002	CROP_1003	CROP_1004	CROP_1005	CROP_1006	CROP_1007	CROP_1008	CROP_1009	CROP_1010	CROP_10EB	CROP_10FB	CROP_1101	CROP_1102	CROP_1103	CROP_1104	CROP_1105	CROP_1106	CROP_1107	CROP_1108	CROP_1109	CROP_1110	CROP_1111	CROP_1112	CROP_1113	CROP_1114	CROP_11EB	CROP_11FB	CROP_1201	CROP_1202	CROP_1203	CROP_1204	CROP_1205	CROP_1206	CROP_1207	CROP_1208	CROP_1209	CROP_1210	CROP_12EB	CROP_12FB	CROP_1301	CROP_1302	CROP_1303	CROP_1304	CROP_1305	CROP_1306	CROP_1307	CROP_1308	CROP_1309	CROP_1310	CROP_13EB	CROP_13FB	D_01_B1	D_01_B1d	D_01_B2	D_01_P1	D_01_P1d	D_01_P2	D_02_B1	D_02_B1d	D_02_B2	D_02_B2d	D_02_P1	D_02_P1d	D_02_P2	D_02_P2d	D_03_B1	D_03_B1d	D_03_B2	D_03_B2d	D_03_P1	D_03_P1d	D_03_P2	D_03_P2d	D_04_B1	D_04_B2	D_04_B2d	D_04_B3	D_04_B3d	D_04_P1	D_04_P1d	D_05_B1	D_05_B1d	D_05_B2	D_05_P1	D_05_P1d	D_05_P2	D_06_B1	D_06_B2	D_06_P1	D_06_P2	D_07_B1	D_07_B2	D_07_P1	D_07_P2	D_08_B1	D_08_B2	D_08_P1	D_08_P2	D_09_B1	D_09_B2	D_09_B3	D_09_B4	D_10_B1	D_10_B2	D_10_P1	D_10_P2	D_BK1	D_BK2	D_BK3	D_BK4	D_BK5	D_EB1	D_EB2	D_EB3	NEG01	NEG02	NEG03	NEG04	NEG05	NEG06	NEG07	NEG08	NEG09	NEG10	NEG11	POS01	POS02	POS03	POS04	POS05	POS06	POS07	POS08	POS09	POS10	POS11	taxonomy
Anguilla_anguilla	3	0	0	0	0	0	0	0	0	0	0	0	0	0	0	0	0	0	0	0	0	0	0	0	0	0	0	0	0	0	0	0	0	0	0	0	0	0	0	0	0	0	0	0	0	0	0	0	0	0	0	0	0	0	0	0	0	0	0	0	0	0	0	0	0	0	0	0	0	0	0	0	0	187	88	0	0	0	0	0	0	0	0	0	0	0	0	0	0	0	0	0	0	0	0	0	0	0	0	0	0	0	0	0	0	0	0	0	0	0	0	0	0	0	0	0	0	0	0	0	0	0	0	0	0	0	0	0	0	0	0	0	0	0	0	0	0	0	0	0	0	0	0	0	0	0	0	0	0	0	111	0	0	0	0	0	0	0	0	0	0	0	0	0	0	0	0	0	0	0	0	0	0	0	0	0	0	0	0	0	0	0	0	0	0	0	0	0	0	0	0	0	0	0	0	0	0	0	0	0	0	0	0	0	0	0	0	0	0	0	0	0	0	0	0	0	0	0	0	0	0	0	0	0	0	0	0	0	0	0	0	0	0	0	0	0	0	0	0	0	0	0	0	0	0	0	0	0	0	0	0	0	0	0	0	0	d__Eukaryota; p__Chordata; c__Actinopteri; o__Anguilliformes; f__Anguillidae; g__Anguilla; s__Anguilla_anguilla
Astatotilapia_calliptera	0	0	0	0	0	0	0	0	0	0	0	0	0	0	0	0	0	0	28	0	0	0	0	3	0	0	0	0	0	0	0	0	0	0	0	291	0	0	0	0	0	0	0	0	0	0	0	0	0	0	0	0	0	0	0	0	0	0	4	0	0	0	0	0	0	0	0	0	198	0	0	0	0	0	0	0	0	0	0	0	0	0	0	0	0	0	0	0	0	0	0	0	0	149	0	0	0	0	0	0	0	0	0	0	0	0	0	0	0	0	0	0	0	0	0	0	0	0	0	0	0	0	0	0	0	3	0	3	0	0	0	0	0	54	0	0	0	0	0	0	0	0	549	0	0	0	0	0	0	0	0	0	0	0	0	0	0	0	0	0	0	0	0	0	0	0	0	0	0	0	0	0	0	0	0	9472	0	0	1823	0	4	0	0	0	0	0	0	0	0	0	0	0	0	0	0	0	0	3	0	0	0	0	0	0	0	0	0	0	0	0	0	0	0	0	0	0	730	0	0	0	0	0	0	227	0	0	0	0	0	0	0	0	0	0	0	0	0	0	0	0	0	0	0	0	0	7578	8875	7913	12162	5630	32545	11486	26866	27475	33885	450570	d__Eukaryota; p__Chordata; c__Actinopteri; o__Cichliformes; f__Cichlidae; g__Astatotilapia; s__Astatotilapia_calliptera
Cobitis_taenia	0	0	0	0	0	0	0	0	0	0	0	0	0	0	0	0	0	0	0	0	0	0	0	0	0	0	0	0	0	0	0	0	0	0	0	0	0	0	0	0	0	0	0	0	0	0	0	0	0	0	0	0	0	0	0	0	0	0	0	0	0	0	0	0	0	0	0	0	0	0	0	0	0	0	0	0	0	0	0	0	0	0	0	0	0	0	0	0	0	0	0	0	0	0	0	0	0	0	0	0	0	0	0	0	0	0	0	0	0	0	0	0	0	0	0	0	0	0	0	0	0	0	0	0	0	0	0	0	0	0	0	0	0	0	0	0	0	0	0	0	0	0	0	0	0	0	0	0	0	0	0	0	0	0	0	0	0	0	0	0	0	0	0	0	0	0	0	0	0	0	0	0	0	0	0	0	0	0	0	0	0	0	0	0	0	0	0	0	0	0	0	0	0	0	0	0	0	0	0	0	0	0	0	0	0	0	0	0	0	0	0	0	0	0	0	0	0	0	0	0	0	0	0	0	0	0	0	0	0	0	0	0	0	0	0	0	0	0	0	0	0	0	0	0	0	3	0	4	16	0	47	4	83	29	68	1476	d__Eukaryota; p__Chordata; c__Actinopteri; o__Cypriniformes; f__Cobitidae; g__Cobitis; s__Cobitis_taenia
Cyprinus_carpio	7	0	0	77	0	0	0	0	0	0	0	0	0	0	162	50	0	0	0	0	0	0	0	0	0	0	0	0	625	5323	0	828	273	431	494	683	415	482	0	0	76	0	0	0	0	0	0	0	0	0	0	0	0	0	0	0	0	0	0	0	0	0	0	0	0	0	0	0	0	0	0	0	0	0	0	0	0	0	0	0	0	0	0	0	0	0	90	0	0	0	0	0	0	0	0	0	0	0	0	0	0	0	0	0	0	0	0	0	0	0	0	491	874	0	0	0	255	0	0	0	0	692	0	557	0	636	122	280	0	0	0	0	0	0	0	0	224	0	0	0	0	0	0	0	0	0	0	208	0	260	0	0	0	310	120	0	0	0	0	0	0	0	0	0	0	0	0	0	0	0	0	0	0	0	0	0	0	0	0	0	0	0	0	0	0	0	0	0	0	0	0	0	0	0	0	0	0	0	0	0	0	0	0	0	0	0	0	0	0	0	0	0	0	0	0	0	0	0	0	0	0	0	0	0	0	0	0	0	0	0	0	0	0	0	0	0	0	0	0	0	0	0	0	0	0	0	0	0	0	0	0	0	0	0	0	0	d__Eukaryota; p__Chordata; c__Actinopteri; o__Cypriniformes; f__Cyprinidae; g__Cyprinus; s__Cyprinus_carpio
Abramis_brama	0	0	0	0	0	0	0	0	0	0	0	0	0	0	0	0	0	0	0	0	0	0	0	0	0	0	0	0	0	0	0	0	0	0	0	0	0	0	0	0	0	0	0	0	0	0	0	0	0	0	0	0	0	0	0	0	0	0	0	0	0	0	0	0	0	0	0	0	0	0	0	0	0	0	0	0	0	0	0	0	0	0	0	0	0	0	0	0	0	0	0	0	3	0	0	0	0	0	0	0	0	0	0	0	0	0	0	0	0	0	0	0	0	0	0	0	0	0	0	0	0	0	0	0	0	0	0	0	0	0	0	0	0	0	0	0	0	0	0	0	0	0	0	0	0	0	0	0	0	0	0	0	0	0	0	0	0	0	0	0	0	0	0	0	0	0	0	0	0	0	0	0	0	0	0	0	0	0	0	0	0	0	0	0	0	0	0	0	0	0	0	0	0	0	0	0	0	0	0	0	0	0	0	0	0	0	0	0	0	0	0	0	0	0	0	0	0	0	0	0	0	0	0	0	0	3	6	0	0	0	0	0	0	0	0	0	0	0	0	0	0	0	0	0	0	0	0	0	0	0	0	0	0	0	0	0	d__Eukaryota; p__Chordata; c__Actinopteri; o__Cypriniformes; f__Leuciscidae; g__Abramis; s__Abramis_brama
Phoxinus_phoxinus	0	0	0	0	0	0	0	0	0	0	0	0	0	0	0	0	0	0	0	0	0	0	0	0	0	0	0	0	0	0	0	0	0	0	0	0	0	0	0	0	3	4	0	0	0	0	0	0	0	0	0	0	0	0	0	0	0	0	0	0	0	0	0	0	0	0	0	0	0	0	0	0	0	0	0	0	0	0	3	0	0	0	0	0	0	0	0	0	0	0	0	0	0	0	0	0	0	0	0	0	0	0	0	0	0	3	0	0	0	0	0	0	0	0	0	0	0	0	0	0	0	0	0	0	0	0	0	0	0	0	0	0	0	3	4	0	0	0	0	0	0	0	0	0	0	0	0	0	0	0	0	0	0	0	0	0	0	0	0	0	0	0	0	0	0	0	0	0	0	0	0	0	0	0	0	0	0	0	0	0	0	0	0	0	0	0	0	0	0	0	0	0	0	0	0	0	0	0	0	0	0	0	0	0	0	0	0	0	0	0	0	0	0	0	0	0	0	0	0	0	0	0	0	0	0	0	0	0	0	0	0	0	0	0	0	0	0	0	0	0	0	0	0	0	0	0	0	0	0	0	0	0	0	0	0	0	d__Eukaryota; p__Chordata; c__Actinopteri; o__Cypriniformes; f__Leuciscidae; g__Phoxinus; s__Phoxinus_phoxinus
Pimephales_promelas	0	0	0	0	0	0	0	0	0	0	0	0	0	0	0	0	0	0	0	0	0	0	0	0	0	0	0	0	0	0	0	0	0	0	0	0	0	0	0	0	0	0	0	0	0	0	0	0	0	0	0	0	0	0	0	0	0	0	0	0	0	0	0	0	0	0	0	0	0	0	0	0	0	0	0	0	0	0	0	0	0	0	0	0	0	0	0	0	0	0	0	0	0	0	0	0	0	0	0	0	0	0	0	0	0	0	0	0	0	0	0	0	0	0	0	0	0	0	0	0	0	0	0	0	0	0	0	0	0	0	0	0	0	0	0	0	0	0	0	0	0	0	0	0	0	0	0	0	0	0	0	0	0	0	0	0	0	0	0	0	0	0	0	0	0	0	0	0	0	0	0	0	0	0	0	0	0	0	0	0	0	0	0	0	0	0	0	0	0	0	0	0	0	0	0	0	0	0	0	0	0	0	0	0	0	0	0	0	0	0	0	0	0	0	0	0	0	0	0	0	0	0	0	0	0	0	0	0	0	0	0	0	0	0	0	0	0	0	0	0	0	0	0	0	0	5	4	0	11	0	43	10	66	52	67	1556	d__Eukaryota; p__Chordata; c__Actinopteri; o__Cypriniformes; f__Leuciscidae; g__Pimephales; s__Pimephales_promelas
Rutilus_rutilus	0	0	0	0	0	0	0	0	0	0	0	0	0	0	0	0	0	0	0	0	0	0	0	0	0	0	0	0	0	0	0	0	0	0	0	0	0	0	0	0	0	0	0	0	0	0	0	0	0	0	0	0	0	0	0	0	0	0	0	0	0	0	0	0	0	0	0	0	0	0	0	0	0	0	0	0	0	0	0	0	0	0	0	0	0	0	0	0	0	0	0	0	0	3	0	0	0	0	0	0	0	0	0	0	0	0	0	0	0	0	0	0	0	0	0	0	0	0	0	0	0	0	0	0	0	0	0	0	0	0	0	0	0	0	0	0	0	0	0	0	0	0	0	0	0	0	0	0	0	0	0	0	0	0	0	0	0	0	0	0	0	0	0	0	0	0	0	0	0	0	0	0	0	0	0	0	0	0	0	0	0	0	0	0	0	0	0	0	0	0	0	0	0	0	0	0	0	0	0	0	0	0	0	0	0	0	0	0	0	0	0	0	0	0	0	0	0	0	0	0	0	0	0	0	0	0	0	0	0	0	0	0	0	0	0	0	0	0	0	0	0	0	0	0	0	0	0	0	0	0	0	0	0	0	0	0	d__Eukaryota; p__Chordata; c__Actinopteri; o__Cypriniformes; f__Leuciscidae; g__Rutilus; s__Rutilus_rutilus
Tinca_tinca	410	76	229	0	203	541	239	304	551	375	0	0	1551	506	3332	519	1944	2738	1385	644	2390	2373	1243	2336	996	938	0	0	1696	1918	1795	4043	2229	1208	1068	1292	874	743	0	0	965	416	351	550	555	773	887	461	927	215	0	0	0	175	227	0	324	122	196	822	207	684	628	215	27	0	0	0	0	365	441	624	0	0	489	271	857	0	0	273	1187	171	475	2054	0	165	575	300	241	0	0	167	146	1711	0	573	816	1278	454	463	653	523	642	0	0	0	0	2793	1218	6693	3375	3715	2896	3370	2773	2594	2865	0	0	1148	958	4742	2635	4563	3596	3641	4130	2211	2850	0	0	1052	313	8801	2358	2184	1170	5431	6223	3265	3431	2861	1564	2541	758	0	0	1067	1205	7612	1314	2367	4888	1197	1356	3375	1479	134	0	0	62	2290	0	1430	521	1684	179	3537	321	0	0	0	0	0	0	0	0	0	0	0	0	0	0	0	0	0	0	0	0	0	0	0	0	0	0	0	0	0	0	0	0	0	0	0	0	0	0	0	0	0	0	0	0	0	0	0	0	0	0	0	0	0	0	0	0	0	0	0	0	0	0	0	0	0	0	0	0	0	0	0	0	0	0	0	0	0	0	0	0	0	0	0	0	0	0	0	d__Eukaryota; p__Chordata; c__Actinopteri; o__Cypriniformes; f__Tincidae; g__Tinca; s__Tinca_tinca
Cottus_gobio	153	66	123	270	469	737	248	475	576	764	0	0	442	270	0	248	656	788	422	358	2016	601	1311	3389	2690	1890	0	0	15068	15121	196	16600	13271	9725	6600	8052	13475	17456	0	0	10922	16766	362	8592	15210	10425	15505	7747	14718	2273	0	0	7389	3736	639	9426	7317	6228	12360	19102	11991	9031	7719	12329	11913	0	0	4759	8821	776	5820	6384	7664	8734	8130	4385	5866	0	0	9020	8637	427	3644	6886	1071	3105	1924	2780	6189	0	0	5106	10525	773	3800	10446	16114	11584	1741	3823	7111	6181	25865	41705	9639	0	0	4416	15432	533	2166	4927	8131	4009	5599	724	1959	0	0	2097	6017	441	824	1330	3543	3503	2277	1870	1808	0	0	1474	2474	105	1328	944	2815	4146	2440	1663	1937	2375	2468	5239	7203	0	0	652	981	104	326	3704	1290	510	227	1333	650	0	0	2389	11151	5	5515	20077	11214	4962	2611	3057	2771	0	280	0	4	0	0	0	0	0	0	0	0	0	0	0	0	0	0	0	0	0	0	0	0	0	0	0	0	0	0	0	0	0	0	0	0	0	0	0	0	0	0	0	0	0	0	0	0	555	0	0	0	0	0	0	0	221	0	332	1173	0	0	0	0	0	0	0	0	0	0	0	319	0	0	0	0	0	0	0	0	0	0	0	0	0	0	64	d__Eukaryota; p__Chordata; c__Actinopteri; o__Perciformes; f__Cottidae; g__Cottus; s__Cottus_gobio
Gasterosteus_aculeatus	311	69	4483	2215	3227	2375	4121	4833	6213	5723	0	0	3900	1178	19233	2695	3742	7575	9780	2646	13280	5860	12596	11977	4957	3132	0	0	8260	2214	30514	11936	14710	6810	17310	8628	9909	13797	0	0	6543	1594	24308	5195	21462	18140	12728	8738	14134	15182	4	87	1294	1642	7359	1678	5302	5063	7506	8322	5970	8122	5398	3805	133	0	0	4347	1228	15787	1515	3762	4549	4356	4118	3445	3902	0	7	3803	203	23943	4871	26732	15019	8921	5733	10698	9146	4	0	8533	0	34781	11366	27422	16007	11451	4313	42292	17836	27912	2493	373	0	0	0	55966	1616	59398	58273	56501	42778	69623	42565	43098	36213	0	4	27870	2215	29691	44589	36435	32456	35247	32286	29381	32365	0	0	33494	1712	49282	22484	22293	37719	44225	37431	28655	31035	31572	19327	18460	8785	0	0	2628	364	25927	7708	20096	25488	14432	7356	13373	10419	0	0	11271	94	88852	19111	32294	6350	43759	14761	42821	25864	0	0	0	3	0	0	4	0	0	7650	0	9	0	3	0	4	0	0	0	5112	0	0	0	6629	0	0	4208	0	0	4	0	4	3	819	0	0	0	0	3	0	0	0	0	0	0	0	413	0	0	0	0	4	0	0	0	0	17	0	375	6	0	0	0	0	0	0	0	0	0	0	0	0	0	0	0	0	0	0	0	0	0	0	5	0	0	0	125	d__Eukaryota; p__Chordata; c__Actinopteri; o__Perciformes; f__Gasterosteidae; g__Gasterosteus; s__Gasterosteus_aculeatus
Pungitius_pungitius	0	0	0	0	0	0	0	0	0	0	0	0	0	0	0	0	0	0	0	0	0	0	0	0	0	0	0	0	0	0	0	0	0	0	0	0	0	0	0	0	0	0	0	0	0	0	0	0	0	0	0	0	0	0	0	0	0	0	0	0	0	0	0	0	0	0	0	0	0	0	0	0	0	0	0	0	0	0	0	0	0	0	0	0	0	0	0	0	0	0	0	0	0	0	0	0	0	0	0	0	0	0	0	0	0	388	0	0	0	0	0	0	0	0	0	0	0	0	0	0	0	0	0	0	0	0	0	0	0	0	0	0	0	0	0	0	0	0	0	0	0	0	0	0	0	0	0	0	0	0	0	0	0	0	0	0	0	0	0	0	0	0	0	0	0	0	0	0	0	0	0	0	0	0	0	0	0	0	0	0	0	0	0	0	0	0	0	0	0	0	0	0	0	0	0	0	0	0	0	0	0	0	0	0	0	0	0	0	0	0	0	0	0	0	0	0	0	0	0	0	0	0	0	0	0	0	0	0	0	0	0	0	0	0	0	0	0	0	0	0	0	0	0	0	0	0	0	0	0	0	0	0	0	0	0	0	d__Eukaryota; p__Chordata; c__Actinopteri; o__Perciformes; f__Gasterosteidae; g__Pungitius; s__Pungitius_pungitius
Oncorhynchus_mykiss	0	0	0	0	0	0	0	0	0	0	0	0	0	54	0	0	0	0	0	0	0	0	0	0	0	0	0	0	0	0	0	0	0	0	0	0	0	0	0	0	0	0	0	0	0	0	0	0	0	0	0	0	0	0	0	0	0	0	0	0	0	0	0	0	0	0	0	0	0	0	0	0	0	0	0	0	0	0	0	0	0	0	0	0	0	0	0	0	0	0	0	0	0	0	0	0	0	0	0	0	0	0	0	0	0	0	0	0	0	0	0	0	0	0	0	0	0	0	0	0	0	0	0	0	0	0	0	0	0	0	0	0	0	0	0	0	0	0	0	0	0	0	0	0	0	0	0	0	0	0	0	0	0	0	0	0	0	0	0	0	0	0	0	0	0	0	0	0	0	0	0	0	0	0	0	0	0	0	0	0	0	0	0	0	0	0	0	0	0	0	0	0	0	0	0	0	0	0	0	0	0	0	0	0	0	0	0	0	0	0	0	0	0	0	0	0	0	0	0	0	0	0	0	0	0	0	0	0	0	0	0	0	0	0	0	0	0	0	0	0	0	0	0	0	0	0	0	0	0	0	0	0	0	0	0	0	d__Eukaryota; p__Chordata; c__Actinopteri; o__Salmoniformes; f__Salmonidae; g__Oncorhynchus; s__Oncorhynchus_mykiss
Salmo_salar	0	9	0	0	0	0	0	0	0	0	0	0	0	0	0	0	0	0	0	0	0	0	0	0	0	0	0	0	0	0	0	0	0	0	0	0	0	0	0	0	0	0	0	0	0	0	0	0	0	0	0	0	0	0	0	0	0	0	0	0	0	0	0	0	0	0	0	0	0	0	0	0	0	0	0	0	0	0	0	0	0	0	0	0	0	0	0	0	0	0	0	0	0	0	0	0	0	0	0	0	0	0	0	0	0	0	0	0	0	0	0	0	0	0	0	0	0	0	0	0	0	0	0	0	0	0	0	0	0	0	0	0	0	0	0	0	0	0	0	0	0	0	0	0	0	0	0	0	0	0	0	0	0	0	0	0	0	0	0	0	0	0	0	0	0	0	0	0	0	0	0	0	0	0	0	0	0	0	0	0	0	0	0	0	0	0	0	0	0	0	0	0	0	0	0	0	0	0	0	0	0	0	0	0	0	0	0	0	0	0	0	0	0	0	0	0	0	0	0	0	0	0	0	0	0	0	0	0	0	0	0	0	0	0	0	0	0	0	0	0	0	0	0	0	0	0	0	0	0	0	0	0	0	0	0	0	d__Eukaryota; p__Chordata; c__Actinopteri; o__Salmoniformes; f__Salmonidae; g__Salmo; s__Salmo_salar
Salmo_trutta	596	337	697	993	960	926	2805	889	1332	1628	0	0	1682	1018	496	285	3229	3191	2030	1206	3236	1597	3766	2442	2733	1774	0	0	7939	10738	1300	7184	4308	3102	4206	3786	4164	4205	0	0	11101	6880	246	9880	5512	3691	6867	4363	7945	1987	0	0	10071	9338	1765	8205	7159	5510	6667	9081	8311	7080	3441	4608	3051	0	0	8045	15565	1632	13809	8084	7095	8734	9117	4372	5852	0	0	9650	10964	1168	8574	17127	5687	3908	6372	7428	5191	3	0	17759	11706	2761	13845	13678	11954	11252	1562	3859	3796	14941	23518	48042	7279	0	0	13560	17955	567	8159	9808	9172	3628	3484	2646	1444	536	0	9935	15085	2174	4409	7359	8607	6256	4963	4531	5908	0	0	14617	8349	5229	21886	7805	15827	13464	14363	10493	12769	8254	20427	31317	45742	0	0	3593	2896	8753	22692	7681	11129	2351	1788	4203	4352	0	0	5827	18320	286	14158	24020	5192	6013	4521	4310	3907	0	0	0	14884	0	0	0	0	0	8	0	0	0	0	0	3	0	0	0	0	0	0	0	7209	0	0	0	0	0	0	0	0	0	0	0	0	0	0	0	0	0	0	0	0	0	0	0	0	3	3	0	4	0	0	0	0	5	0	0	0	4	5	0	0	0	0	0	0	0	0	0	0	0	0	0	0	0	0	0	0	0	6	3	0	0	0	0	d__Eukaryota; p__Chordata; c__Actinopteri; o__Salmoniformes; f__Salmonidae; g__Salmo; s__Salmo_trutta
Bufo_bufo	0	0	0	0	0	48	19	0	0	10	0	0	79	8	0	20	11	16	25	70	80	151	67	15	36	71	0	0	8199	8557	1875	8367	4985	2976	1294	3372	4434	2366	0	0	3213	3496	3701	4129	16012	9793	5156	3309	3798	18484	0	0	157	38	590	16	490	566	335	1332	265	449	1606	2032	79	0	0	183	362	2216	69	599	362	504	370	259	202	0	0	293	204	37	285	225	571	185	322	140	0	0	0	5072	33037	0	322	38	0	0	0	0	0	2657	31	1135	0	0	0	69	267	26	211	75	78	345	0	80	0	0	0	862	66	463	0	167	152	31	216	12	58	0	200	0	0	895	0	0	295	85	176	0	0	116	94	0	116	0	0	0	0	227	0	14	96	49	53	0	0	0	0	5795	8116	0	8621	2244	1111	788	1652	1161	603	0	0	0	0	0	0	5	0	0	0	0	0	0	0	0	0	0	0	0	0	0	0	0	0	0	0	0	0	0	0	0	0	0	0	0	0	0	0	0	0	0	257	0	0	0	0	0	0	0	0	465	0	0	0	0	0	0	0	0	0	0	0	0	0	0	0	0	0	0	0	0	0	0	0	0	0	0	0	0	0	0	0	0	0	0	9	0	d__Eukaryota; p__Chordata; c__Amphibia; o__Anura; f__Bufonidae; g__Bufo; s__Bufo_bufo
Rana_temporaria	332	492	84	920	1995	1476	813	287	663	123	0	0	432	29	1117	202	0	483	403	96	489	535	860	946	852	1413	0	0	35580	31201	42694	49655	40927	22376	18820	21258	22358	15749	0	0	4877	3297	45842	7210	65070	52254	21880	9922	16868	24101	0	0	3281	2709	18403	1102	6300	5049	6246	9533	9145	11948	17564	14447	687	0	0	1076	0	4316	944	3501	724	1765	1664	1611	2183	0	0	296	100	780	0	25	50	331	101	0	1011	0	0	0	205	294	0	0	0	762	0	469	0	0	0	0	0	224	0	629	432	446	575	767	503	785	323	328	0	0	0	2317	704	346	2600	6768	10261	6764	5088	3229	3905	0	0	1735	992	950	9257	967	2198	1188	2060	1215	1074	1933	630	2590	635	0	0	1250	401	2527	565	2841	392	597	1879	1745	970	0	0	0	0	0	373	0	0	0	0	0	0	0	0	0	9	0	0	8	0	0	0	0	0	0	12303	0	0	0	0	0	0	0	0	0	0	0	0	0	0	0	0	0	0	0	0	0	0	0	0	261	0	0	0	0	0	0	0	0	0	0	0	0	0	0	526	0	0	0	0	0	0	0	0	0	0	0	0	0	0	0	0	0	0	0	0	0	0	0	0	0	0	0	0	0	0	0	0	222	d__Eukaryota; p__Chordata; c__Amphibia; o__Anura; f__Ranidae; g__Rana; s__Rana_temporaria
Lissotriton_helveticus	0	0	0	0	35	0	0	0	0	0	0	0	254	58	1445	105	322	623	183	292	537	287	453	710	1028	379	0	0	483	334	12966	2061	2563	1299	847	1079	2026	1444	0	0	344	247	4680	517	7939	5940	4146	2176	1820	1659	0	0	300	0	3382	300	1670	1218	1231	1471	1923	1508	873	1687	121	0	0	524	301	3754	0	1336	829	1209	939	521	1446	0	0	133	0	94	127	2273	681	387	417	699	360	0	0	393	153	0	0	587	496	0	0	0	742	0	0	0	0	0	0	774	761	0	636	112	132	199	0	0	0	0	0	169	353	0	0	0	119	234	463	110	151	0	0	0	0	485	0	0	311	605	215	160	230	0	351	479	0	0	0	0	0	0	0	0	225	122	141	0	0	0	0	0	0	0	255	217	0	81	0	0	0	0	0	11	0	0	0	0	0	0	0	0	0	0	0	0	0	0	0	0	0	0	0	0	0	0	0	0	0	0	0	0	0	0	0	0	5129	0	0	209	0	0	0	0	0	0	0	0	0	0	0	0	0	0	0	0	0	0	0	0	0	0	0	0	0	0	0	0	0	0	0	0	0	0	0	0	0	0	0	0	0	0	0	0	0	0	0	0	d__Eukaryota; p__Chordata; c__Amphibia; o__Caudata; f__Salamandridae; g__Lissotriton; s__Lissotriton_helveticus
Lissotriton_vulgaris	0	0	0	0	0	0	0	0	0	0	0	0	0	0	0	0	0	0	0	0	0	0	0	0	0	0	0	0	0	0	0	0	0	0	0	0	0	0	0	0	0	0	0	0	0	0	0	0	0	0	0	0	0	0	0	0	0	0	0	0	0	0	0	0	0	0	0	0	163	0	0	0	0	0	0	0	0	0	0	0	0	0	0	0	0	0	0	0	0	0	0	0	0	0	0	0	0	0	0	0	0	0	0	0	0	0	0	0	0	0	0	0	0	0	0	0	0	0	0	0	0	0	0	0	0	0	0	0	0	0	0	0	0	0	0	0	0	0	0	0	0	0	0	0	0	0	0	0	0	0	0	0	0	0	0	0	0	0	0	0	0	0	0	0	0	0	0	0	0	0	0	0	0	0	0	0	0	0	0	0	0	0	0	0	0	0	0	0	0	0	0	0	0	0	0	0	0	0	0	0	0	0	0	0	0	0	0	0	0	0	0	0	0	0	0	0	0	0	0	0	0	0	0	0	0	0	0	0	0	0	0	0	0	0	0	0	0	0	0	0	0	0	0	0	0	0	0	0	0	0	0	0	0	0	0	0	d__Eukaryota; p__Chordata; c__Amphibia; o__Caudata; f__Salamandridae; g__Lissotriton; s__Lissotriton_vulgaris
Accipiter_gentilis	0	0	0	0	0	0	0	0	0	0	0	0	0	0	0	0	0	0	0	0	0	0	0	0	0	0	0	0	0	0	0	0	0	0	0	0	0	0	0	0	0	0	0	0	0	0	0	0	0	0	0	0	0	0	0	0	0	0	0	0	0	0	0	0	0	0	0	0	0	0	0	0	0	0	0	0	0	0	0	83	0	0	0	0	34	0	0	0	0	0	0	0	0	0	0	0	0	0	0	0	0	0	0	0	0	0	0	0	0	0	0	0	0	0	0	0	0	0	0	0	0	0	0	0	0	0	0	0	0	0	0	0	0	0	0	0	0	0	0	0	0	0	0	0	0	0	0	0	0	0	0	0	0	0	0	0	0	0	0	0	0	0	0	0	0	0	0	0	0	0	0	0	0	0	0	0	0	0	0	0	0	0	0	0	0	0	0	0	0	0	0	0	0	0	0	0	0	0	0	0	0	0	0	0	0	0	0	0	0	0	0	0	0	0	0	0	0	0	0	0	0	0	0	0	0	0	0	0	0	0	0	0	0	0	0	0	0	0	0	0	0	0	0	0	0	0	0	0	0	0	0	0	0	0	0	0	d__Eukaryota; p__Chordata; c__Aves; o__Accipitriformes; f__Accipitridae; g__Accipiter; s__Accipiter_gentilis
Accipiter_nisus	0	0	0	0	0	0	0	0	0	0	0	0	0	0	0	15	0	0	0	0	0	0	0	0	0	0	0	0	0	0	0	0	0	0	0	0	0	0	0	0	0	0	0	0	0	0	0	0	0	0	0	0	0	0	0	0	0	0	0	0	0	0	0	0	0	0	0	0	0	0	0	0	0	0	0	0	0	0	0	0	0	0	0	0	0	0	0	0	0	0	0	0	0	0	0	0	0	0	0	0	0	0	0	0	0	0	0	0	0	0	0	0	0	0	0	0	0	0	0	0	0	0	0	0	0	0	0	0	0	0	0	0	0	0	0	0	0	0	0	0	0	0	0	0	0	0	0	0	0	0	0	0	0	0	0	0	0	0	0	0	0	0	0	0	0	0	0	0	0	0	0	0	0	0	0	0	0	0	0	0	0	0	0	0	0	0	0	0	0	0	0	0	0	0	0	0	0	0	0	0	0	0	0	0	0	0	0	0	0	0	0	0	0	0	0	0	0	0	0	0	0	0	0	0	0	0	0	0	0	0	0	0	0	0	0	0	0	0	0	0	0	0	0	0	0	0	0	0	0	0	0	0	0	0	0	0	d__Eukaryota; p__Chordata; c__Aves; o__Accipitriformes; f__Accipitridae; g__Accipiter; s__Accipiter_nisus
Buteo_buteo	0	0	0	0	0	0	0	0	0	0	0	0	0	0	0	0	0	0	0	0	0	0	0	0	0	0	0	0	0	0	0	0	0	0	0	0	0	0	0	0	0	0	127	0	0	0	0	0	0	0	0	0	0	189	0	0	0	0	0	0	0	0	0	0	0	0	0	0	0	0	0	0	0	0	0	0	0	0	0	0	0	0	0	0	0	0	0	0	0	0	0	0	0	0	0	0	0	0	0	0	0	0	0	0	0	0	0	0	0	0	0	0	0	0	0	0	0	0	0	0	0	0	0	0	0	0	0	0	0	0	0	0	0	0	0	0	0	0	0	0	0	0	0	0	0	0	0	0	53	0	0	0	0	0	0	0	0	0	0	0	0	0	0	0	0	0	348	0	0	0	0	0	0	0	0	0	0	0	0	0	0	0	0	0	0	0	0	0	0	0	0	0	0	0	0	0	0	0	0	0	0	0	0	0	0	214	0	0	0	0	0	0	0	0	0	0	0	0	0	0	0	0	0	0	0	0	0	0	0	0	0	0	0	0	0	0	0	0	0	0	0	0	0	0	0	0	0	0	0	0	0	0	0	0	0	0	d__Eukaryota; p__Chordata; c__Aves; o__Accipitriformes; f__Accipitridae; g__Buteo; s__Buteo_buteo
Aix_galericulata	0	0	0	0	0	0	0	0	0	0	0	0	0	0	0	0	0	0	0	0	0	0	0	0	0	0	0	0	0	0	0	0	0	0	0	0	0	0	0	0	0	0	0	0	0	0	0	0	0	0	0	0	0	0	0	0	0	0	0	0	0	0	0	0	0	0	0	0	0	0	0	0	0	0	0	0	0	0	0	0	0	0	0	0	0	0	0	0	0	0	0	0	0	0	0	0	0	0	0	0	0	0	0	0	0	0	0	0	0	0	0	0	0	0	0	0	0	0	0	0	0	0	0	0	157	0	0	0	0	0	0	0	0	0	0	0	0	0	0	0	0	0	0	0	0	0	0	0	0	0	0	0	0	0	0	0	0	0	0	0	0	0	0	0	0	0	0	0	0	0	0	0	0	0	0	0	0	0	0	0	0	0	0	0	0	0	0	0	0	0	0	0	0	0	0	0	0	0	0	0	0	0	0	0	0	0	0	0	0	0	0	0	0	0	0	0	0	0	0	0	0	0	0	0	0	0	0	0	0	0	0	0	0	0	0	0	0	0	0	0	0	0	0	0	0	0	0	0	0	0	0	0	0	0	0	0	d__Eukaryota; p__Chordata; c__Aves; o__Anseriformes; f__Anatidae; g__Aix; s__Aix_galericulata
Anas_carolinensis	30	0	0	76	70	155	0	82	113	0	0	0	85	46	0	0	0	350	0	0	0	0	0	0	0	0	0	0	0	121	0	0	0	0	0	0	0	0	0	0	0	0	0	97	130	0	0	0	0	0	0	0	0	0	0	0	0	0	0	0	0	0	0	0	0	0	0	0	0	0	0	0	0	0	0	0	0	0	0	0	0	0	175	691	0	0	0	0	0	0	0	0	147	0	0	0	0	0	0	0	0	0	0	0	0	0	0	0	97	0	0	0	0	0	0	0	0	0	0	2235	875	0	361	897	736	512	4	496	794	0	0	1048	1760	0	1651	0	1680	5	1162	1635	1289	1160	625	0	315	0	0	1290	0	1002	757	2005	0	832	1102	0	0	0	0	0	0	0	0	0	0	0	0	0	0	0	0	0	0	0	0	0	0	0	0	0	0	0	0	0	0	0	0	0	0	0	0	0	0	0	0	0	0	0	0	0	0	0	0	0	0	0	0	0	0	0	0	0	0	0	0	0	0	0	0	0	0	0	0	0	0	0	0	0	0	0	0	0	0	0	0	0	0	0	0	0	0	0	0	0	0	0	0	0	0	0	0	0	0	0	0	194	d__Eukaryota; p__Chordata; c__Aves; o__Anseriformes; f__Anatidae; g__Anas; s__Anas_carolinensis
Gallinago_gallinago	0	0	0	0	0	0	0	0	0	0	0	0	0	0	0	0	0	0	0	0	0	0	0	0	0	0	0	0	0	0	0	0	0	0	0	0	0	0	0	0	0	0	0	0	0	0	0	0	0	0	0	0	0	0	0	0	0	0	0	0	0	0	0	0	0	0	0	0	0	0	0	0	0	0	0	0	0	0	0	0	0	0	0	0	0	0	0	0	0	0	0	0	0	0	0	0	0	0	0	0	0	0	0	0	0	0	0	0	0	0	0	0	0	0	0	0	0	0	0	0	0	0	0	0	0	0	0	0	0	0	0	0	0	0	0	0	0	0	0	0	0	0	0	0	0	0	0	0	0	0	0	0	0	92	0	0	0	0	0	0	0	0	0	0	0	0	0	0	0	0	0	0	0	0	0	0	0	0	0	0	0	0	0	0	0	0	0	0	0	0	0	0	0	0	0	0	0	0	0	0	0	0	0	0	0	0	0	0	0	0	0	0	0	0	0	0	0	0	0	0	0	0	0	0	0	0	0	0	0	0	0	0	0	0	0	0	0	0	0	0	0	0	0	0	0	0	0	0	0	0	0	0	0	0	0	0	d__Eukaryota; p__Chordata; c__Aves; o__Charadriiformes; f__Scolopacidae; g__Gallinago; s__Gallinago_gallinago
Scolopax_rusticola	0	13	0	0	0	0	0	0	0	0	0	0	0	47	15	53	0	273	49	16	0	0	0	191	0	0	0	0	0	0	0	0	0	0	0	0	0	0	0	0	0	0	0	0	0	0	0	0	0	0	0	0	0	0	0	0	0	0	0	0	0	0	80	0	0	0	0	0	0	0	0	503	108	0	0	0	0	0	0	0	0	0	0	0	0	0	0	0	0	0	0	0	0	0	0	0	0	0	0	0	0	0	0	0	0	0	0	0	0	0	0	0	0	0	0	0	0	0	0	0	0	0	0	0	0	0	0	0	0	0	0	0	0	0	0	0	0	0	0	0	0	0	0	0	0	0	0	71	82	59	0	1078	0	128	0	0	0	0	0	0	0	0	0	0	0	0	0	0	0	0	0	0	0	0	0	0	0	0	0	0	0	0	0	0	0	0	0	0	0	0	0	0	0	0	0	0	0	0	0	0	0	0	0	0	0	0	0	0	0	0	0	0	0	0	0	0	0	0	0	0	0	0	0	0	0	0	0	0	896	0	0	0	0	0	0	0	0	0	0	0	0	0	0	0	0	0	0	0	0	0	0	0	0	0	0	0	d__Eukaryota; p__Chordata; c__Aves; o__Charadriiformes; f__Scolopacidae; g__Scolopax; s__Scolopax_rusticola
Columba_livia	0	0	0	0	0	0	0	0	0	0	0	0	192	143	21	0	0	0	0	36	0	0	231	86	156	45	0	0	0	0	0	0	0	0	0	0	0	0	0	0	0	0	0	0	0	0	0	0	0	0	0	0	0	390	0	0	0	0	0	0	0	0	0	0	0	0	0	0	0	0	0	0	0	0	0	0	107	0	0	0	0	0	0	0	0	0	0	0	0	0	0	0	0	0	0	0	0	0	113	0	0	0	0	0	0	0	0	0	0	0	0	0	0	0	0	0	0	0	0	0	204	0	0	0	0	0	0	0	0	0	0	0	0	0	0	0	0	0	0	0	0	0	0	0	240	0	0	0	26	373	0	1558	616	0	0	0	203	0	0	151	0	0	0	0	101	0	0	0	0	0	0	0	0	0	0	0	0	0	0	0	0	0	0	0	0	0	0	0	0	0	0	0	0	0	0	0	0	0	0	0	0	0	0	0	0	0	0	0	0	0	0	0	0	0	0	0	0	0	0	0	0	0	0	0	0	0	0	0	0	0	0	0	0	0	0	0	0	0	0	0	0	0	0	0	0	0	0	0	0	0	0	0	0	0	0	0	d__Eukaryota; p__Chordata; c__Aves; o__Columbiformes; f__Columbidae; g__Columba; s__Columba_livia
Columba_oenas	0	0	0	0	0	0	0	0	0	0	0	0	0	0	0	0	0	0	0	0	0	0	0	0	0	0	0	0	0	0	0	0	0	0	0	0	0	0	0	0	0	0	0	0	0	0	0	0	0	0	0	0	0	0	0	0	0	0	0	0	0	0	0	486	0	0	0	0	0	0	0	0	0	0	0	0	0	0	0	0	0	0	0	0	0	0	0	0	0	0	0	0	0	0	0	0	0	0	0	0	0	0	0	0	0	0	0	0	0	0	0	0	0	0	0	0	0	0	0	0	0	0	0	0	0	0	0	0	0	0	0	0	0	0	0	0	0	0	0	0	0	0	0	0	0	0	0	0	0	0	0	0	0	0	0	0	0	0	0	0	0	0	0	0	0	0	0	0	0	0	0	0	0	0	0	0	0	0	0	0	0	0	0	0	0	0	0	0	0	0	0	0	0	0	0	0	0	0	0	0	0	0	0	0	0	0	0	0	0	0	0	0	0	0	0	0	0	0	0	0	0	0	0	0	0	0	0	0	0	0	0	0	0	0	0	0	0	0	0	0	0	0	0	0	0	0	0	0	0	0	0	0	0	0	0	0	d__Eukaryota; p__Chordata; c__Aves; o__Columbiformes; f__Columbidae; g__Columba; s__Columba_oenas
Alcedo_atthis	0	0	66	0	0	0	0	0	0	0	0	0	0	0	0	0	0	0	0	0	0	0	0	0	0	0	0	0	0	0	0	0	0	0	0	0	0	0	0	0	0	0	0	0	0	0	0	0	0	0	0	0	0	0	0	0	0	0	0	0	0	0	0	0	0	0	0	0	0	0	0	0	0	0	0	0	0	0	0	0	0	0	0	0	0	0	0	0	0	0	0	0	0	0	0	0	0	0	0	0	0	0	0	0	0	0	0	0	0	0	0	0	0	0	0	2598	0	0	0	0	0	0	0	0	0	0	0	0	0	0	0	0	0	0	0	0	0	0	0	0	0	0	0	0	0	0	0	0	0	0	0	0	0	0	0	0	0	0	0	0	0	0	0	0	0	0	0	0	0	0	0	0	0	0	0	0	0	0	0	0	0	0	0	0	0	0	0	0	0	0	0	0	0	0	0	0	0	0	0	0	0	0	0	0	0	0	0	0	0	0	0	0	0	0	0	0	0	0	0	0	0	0	0	0	0	0	0	0	0	0	0	0	0	0	0	0	0	0	0	0	0	0	0	0	0	0	0	0	0	0	0	0	0	0	0	0	d__Eukaryota; p__Chordata; c__Aves; o__Coraciiformes; f__Alcedinidae; g__Alcedo; s__Alcedo_atthis
Alectoris_rufa	0	0	0	0	0	0	0	0	0	0	0	0	0	0	0	0	0	0	0	0	0	0	185	0	0	2842	0	0	0	0	0	0	0	0	0	0	0	0	0	0	0	0	0	0	0	0	0	0	0	0	0	0	0	0	0	0	0	0	0	0	0	0	0	0	70	0	0	0	0	0	0	0	0	0	0	0	0	0	0	0	0	0	0	0	0	0	0	0	0	0	0	0	0	0	0	0	0	0	0	0	0	0	0	0	0	0	0	0	0	0	0	0	0	0	0	0	0	0	0	0	0	0	0	0	190	0	0	0	0	0	0	0	0	0	0	0	0	0	0	0	0	0	0	0	18266	0	0	301	51	965	0	0	325	152	105	612	629	0	0	0	0	0	0	0	0	0	0	0	0	0	0	0	0	0	0	0	0	0	0	0	0	0	0	0	0	0	0	0	0	0	0	0	0	0	0	0	0	0	0	0	0	0	0	0	0	0	0	0	0	0	0	0	0	0	0	0	0	0	0	0	0	0	0	0	0	0	0	0	0	0	0	0	0	0	0	0	0	0	0	0	0	0	0	0	0	0	0	0	0	0	0	0	0	0	0	0	d__Eukaryota; p__Chordata; c__Aves; o__Galliformes; f__Phasianidae; g__Alectoris; s__Alectoris_rufa
Lyrurus_tetrix	0	0	0	0	0	0	0	0	0	0	0	0	0	0	0	0	0	0	0	0	0	0	0	0	0	0	0	0	0	0	0	0	0	0	0	0	0	0	0	0	0	0	0	0	0	0	0	0	0	0	0	0	0	0	0	0	0	0	0	0	0	0	0	0	0	0	0	0	0	0	0	0	0	0	0	0	0	0	0	0	0	0	0	0	0	0	0	0	0	0	0	0	0	0	0	0	0	0	0	0	0	0	0	0	0	0	0	0	0	0	0	0	0	0	0	0	0	0	0	0	0	0	0	0	0	0	0	0	0	0	0	0	0	0	0	0	0	0	0	0	0	0	0	0	0	0	0	0	0	0	0	0	0	0	0	0	0	0	0	0	0	0	0	0	0	0	0	0	0	0	0	0	0	0	0	0	0	0	0	0	0	0	0	0	0	0	0	0	0	0	0	0	0	0	0	0	0	0	0	0	0	0	0	0	0	0	174	0	0	0	0	0	0	0	0	0	0	0	0	0	0	0	0	0	0	0	0	0	0	0	0	0	0	0	0	0	0	0	0	0	0	0	0	0	0	0	0	0	0	0	0	0	0	0	0	0	d__Eukaryota; p__Chordata; c__Aves; o__Galliformes; f__Phasianidae; g__Lyrurus; s__Lyrurus_tetrix
Perdix_perdix	0	0	0	0	0	0	0	0	0	0	0	0	0	72	0	0	0	0	0	0	0	0	0	0	0	0	0	0	0	0	0	0	0	0	0	0	0	0	0	0	0	0	0	0	0	0	0	0	0	0	0	0	0	0	0	0	0	0	0	0	0	0	0	0	0	0	0	0	0	0	0	0	0	0	0	0	0	0	0	0	0	0	0	0	0	0	0	0	0	0	0	0	0	0	0	0	0	0	0	0	0	0	0	0	0	0	0	0	0	0	0	0	0	0	0	0	0	0	0	0	0	0	0	0	0	0	0	0	103	0	0	0	0	0	0	0	0	0	0	0	0	0	0	0	0	0	0	0	0	0	0	0	0	0	0	0	0	0	0	0	0	0	0	0	0	0	0	0	0	0	0	0	0	0	0	0	0	0	0	0	0	0	0	0	0	0	0	0	0	0	0	0	0	0	0	0	0	0	0	0	0	0	0	0	0	0	0	0	0	0	0	0	0	0	0	0	0	0	0	0	0	0	0	0	0	0	0	0	0	0	0	0	0	0	0	0	0	0	0	0	0	0	0	0	0	0	0	0	0	0	0	0	0	0	0	0	d__Eukaryota; p__Chordata; c__Aves; o__Galliformes; f__Phasianidae; g__Perdix; s__Perdix_perdix
Phasianus_colchicus	1604	1786	590	3624	3560	4509	5247	6192	8832	7858	0	0	9325	5538	12006	4240	14466	10727	8300	7069	14351	8241	14258	18203	10909	16794	0	0	2223	1940	203	1612	1139	536	755	542	1428	645	118	0	13733	9680	263	10040	6282	2450	5281	1601	2314	685	0	139	1700	3403	83	333	785	39	86	0	111	143	0	914	302	0	0	374	1769	285	331	0	326	0	419	100	57	0	0	22033	19006	833	13252	21920	18783	24736	18217	20818	6406	0	0	2391	5067	2699	731	936	0	0	0	0	0	0	296	0	0	0	0	12447	32158	488	5719	5027	5657	4277	2472	2384	2775	0	0	16243	29364	3963	4994	7617	8345	4594	3916	3330	3310	0	0	9123	6151	2116	11173	2754	7825	6828	8795	6426	4056	5617	2064	3957	21899	0	0	77836	20891	6292	7318	14081	19819	4144	5518	7257	5213	0	0	4674	15561	0	9573	7142	957	563	119	0	503	0	0	0	0	0	0	0	0	0	5259	0	0	0	4	0	0	0	0	0	4914	0	0	0	0	0	0	0	0	0	0	0	0	0	0	0	0	0	0	0	0	0	0	0	0	0	0	0	0	0	0	594	3	0	0	0	0	0	0	0	0	0	0	0	0	0	0	0	0	0	0	0	0	0	0	0	0	0	8	0	0	0	0	5	0	0	0	0	d__Eukaryota; p__Chordata; c__Aves; o__Galliformes; f__Phasianidae; g__Phasianus; s__Phasianus_colchicus
Gallinula_chloropus	0	0	13	0	12	0	43	0	0	0	0	0	0	44	0	0	231	0	0	0	86	0	0	457	72	0	0	0	273	0	0	334	342	0	0	0	0	0	0	0	0	0	0	0	0	0	0	0	0	0	0	0	0	0	0	0	0	0	0	0	0	0	0	0	0	0	0	0	0	0	0	0	0	0	4	0	0	0	0	0	0	0	0	0	0	0	0	0	0	0	0	0	0	0	0	0	423	0	0	0	0	0	0	0	0	0	0	0	0	0	0	0	0	0	0	0	0	0	0	0	0	0	0	0	0	0	0	0	117	0	0	0	0	3	0	0	0	0	0	0	0	0	0	0	0	0	0	0	71	0	0	0	0	0	78	200	220	0	0	0	0	0	0	0	0	0	0	0	0	0	0	0	0	0	0	0	0	0	0	0	0	0	0	0	0	0	0	0	0	0	0	0	0	0	0	0	0	0	0	0	0	0	0	0	0	0	0	0	0	0	0	0	0	0	0	0	0	0	0	0	0	0	0	0	0	0	0	0	0	0	0	0	0	0	0	0	0	0	0	0	0	0	0	0	0	0	0	0	0	0	0	0	0	0	0	0	d__Eukaryota; p__Chordata; c__Aves; o__Gruiformes; f__Rallidae; g__Gallinula; s__Gallinula_chloropus
Aegithalos_caudatus	0	0	0	0	0	0	0	0	0	0	0	0	0	0	0	0	0	0	0	0	0	115	0	0	0	0	0	0	0	0	0	0	0	0	0	0	0	0	0	0	0	0	0	0	0	0	0	0	0	0	0	0	0	0	0	0	0	0	0	0	0	0	0	0	0	0	0	0	0	0	0	0	0	0	0	0	0	0	0	0	0	0	0	0	0	0	0	0	0	0	0	0	0	0	0	0	0	0	0	0	0	0	0	0	0	0	0	0	0	0	0	0	0	0	0	0	0	0	0	0	0	0	0	0	0	0	0	0	0	0	0	0	0	0	0	0	0	0	0	0	0	0	0	0	0	0	0	0	0	0	0	0	0	0	0	0	0	0	0	0	0	0	0	0	0	0	0	0	0	0	0	0	0	0	0	0	0	0	0	0	0	0	0	0	0	0	0	0	0	0	0	0	0	0	0	0	0	0	0	0	0	0	0	0	0	0	0	0	0	0	0	0	0	0	0	0	0	0	0	0	0	0	0	0	0	0	0	0	0	0	0	0	0	0	0	0	0	0	0	0	0	0	0	0	0	0	0	0	0	0	0	0	0	0	0	0	d__Eukaryota; p__Chordata; c__Aves; o__Passeriformes; f__Aegithalidae; g__Aegithalos; s__Aegithalos_caudatus
Alauda_arvensis	0	0	0	0	0	0	0	0	0	0	0	0	0	0	0	0	0	0	0	0	0	0	0	0	0	0	0	0	0	0	0	0	0	0	0	0	0	0	0	0	0	0	0	0	0	0	0	0	0	0	0	0	0	0	0	0	0	0	0	0	0	0	0	0	0	0	0	0	0	0	0	0	0	0	0	0	0	0	0	0	0	0	0	0	0	0	0	0	0	0	0	0	0	0	0	0	0	0	0	0	0	0	0	0	0	0	0	0	0	0	0	0	0	0	0	0	0	0	0	0	0	0	0	0	0	0	0	0	0	0	0	0	0	0	0	0	0	0	0	0	0	0	0	0	0	0	0	0	0	0	0	0	0	0	0	0	0	0	0	0	0	0	0	0	0	0	0	0	0	0	0	0	0	0	0	0	0	0	0	0	0	0	0	0	0	0	0	0	0	0	0	0	0	0	0	0	0	0	0	0	0	0	0	0	0	0	0	0	0	0	0	0	0	0	0	0	0	0	0	0	0	0	1771	0	0	0	0	0	0	0	0	0	0	0	0	0	0	0	0	0	0	0	0	0	0	0	0	0	0	0	0	0	0	0	0	0	d__Eukaryota; p__Chordata; c__Aves; o__Passeriformes; f__Alaudidae; g__Alauda; s__Alauda_arvensis
Troglodytes_troglodytes	0	0	0	0	118	72	0	0	0	0	0	0	0	0	0	0	230	0	0	0	0	0	0	0	0	0	0	0	0	0	0	0	0	0	0	0	0	0	0	0	0	0	0	0	49	0	0	0	0	50	0	0	0	46	26	0	32	0	0	0	9	57	81	0	0	0	0	398	344	0	560	755	875	402	0	0	170	0	0	0	0	0	0	0	0	0	0	0	360	0	0	0	149	0	0	0	0	0	0	0	0	0	0	0	0	0	0	0	0	0	0	0	0	0	0	0	0	0	0	0	0	0	0	0	0	0	0	0	0	0	0	0	0	0	0	0	0	0	0	0	0	0	0	0	0	0	0	0	0	0	0	0	0	0	0	0	0	0	0	0	0	0	0	0	0	0	0	0	0	0	0	27	0	0	0	0	0	0	0	0	0	0	0	0	0	0	0	0	0	0	0	0	0	0	0	0	101	0	0	0	0	0	0	0	0	0	0	0	0	0	0	0	0	0	0	0	0	0	0	168	0	0	0	0	0	0	0	0	0	0	0	0	0	0	0	0	0	0	0	0	0	0	0	0	0	0	0	0	0	0	0	0	0	0	0	0	d__Eukaryota; p__Chordata; c__Aves; o__Passeriformes; f__Certhiidae; g__Troglodytes; s__Troglodytes_troglodytes
Garrulus_glandarius	0	0	0	0	0	0	0	0	0	0	0	0	0	0	0	0	0	0	0	0	0	0	0	93	0	0	0	0	0	0	0	0	0	0	0	0	0	0	0	0	0	0	0	0	0	0	0	0	0	0	0	0	0	0	0	229	0	0	0	0	0	0	0	0	0	0	0	0	0	0	0	0	0	467	0	212	0	0	0	0	0	0	0	0	0	0	0	0	0	0	0	0	0	0	0	0	0	0	0	0	634	0	0	0	0	0	0	0	0	0	0	0	0	0	0	0	0	0	0	4	209	0	0	0	0	0	0	0	0	0	0	0	0	0	0	0	0	0	0	0	0	0	0	0	0	0	0	0	0	0	0	0	0	0	0	0	0	0	0	0	0	0	0	0	0	263	0	0	0	0	0	0	0	0	0	0	0	0	0	0	0	0	0	0	0	0	0	0	0	0	0	0	0	0	0	0	0	0	0	0	0	0	0	0	0	0	0	0	0	0	0	0	0	0	0	0	0	0	0	0	0	0	0	0	0	0	0	0	0	0	0	0	0	0	0	0	0	0	0	0	0	0	0	0	0	0	0	0	0	0	0	0	0	0	0	0	d__Eukaryota; p__Chordata; c__Aves; o__Passeriformes; f__Corvidae; g__Garrulus; s__Garrulus_glandarius
Pica_pica	0	0	0	0	0	0	0	0	0	0	0	0	0	0	0	0	0	0	0	0	0	0	0	0	0	0	0	0	0	0	0	0	0	0	0	0	0	0	0	0	0	0	0	0	0	0	0	0	0	0	0	0	0	0	0	0	0	0	0	0	0	0	0	0	48	0	0	0	0	0	0	0	0	0	0	0	0	0	0	0	0	0	0	0	0	0	0	0	0	0	0	0	0	0	0	0	0	0	0	0	0	0	0	0	0	0	0	0	0	0	0	0	0	0	0	0	0	0	0	0	0	0	0	0	0	0	0	0	0	0	0	0	0	0	0	0	0	0	0	0	0	0	0	0	0	0	0	0	0	0	0	0	0	0	0	0	0	0	0	0	0	0	0	0	0	0	0	0	0	0	0	0	0	0	0	0	0	0	0	0	0	0	0	0	0	0	0	0	0	0	0	0	0	0	0	0	0	0	0	0	0	0	0	0	0	0	0	0	0	0	0	0	0	0	0	0	0	0	0	0	0	0	0	0	0	0	0	0	0	0	0	0	0	0	0	0	0	0	0	0	0	0	0	0	0	0	0	0	0	0	0	0	0	0	0	0	d__Eukaryota; p__Chordata; c__Aves; o__Passeriformes; f__Corvidae; g__Pica; s__Pica_pica
Plectrophenax_nivalis	0	0	0	0	0	0	0	0	0	0	0	0	0	0	0	0	0	0	0	0	0	0	0	0	0	0	0	0	0	0	0	0	0	0	0	0	0	0	0	0	0	0	0	0	0	0	0	0	0	0	0	0	0	0	0	0	0	0	0	0	88	0	0	0	0	0	0	0	0	0	0	0	81	0	0	0	52	0	0	0	0	0	0	0	0	0	0	0	0	0	0	0	0	0	0	0	0	0	0	0	0	0	0	0	0	0	0	0	0	0	0	0	0	0	0	0	0	0	0	0	0	0	0	0	0	0	0	0	0	0	0	0	0	0	0	0	0	0	0	0	0	0	0	0	0	0	0	0	0	0	0	0	0	0	0	0	0	0	0	0	0	0	0	0	0	0	0	0	0	0	0	0	0	0	0	0	0	0	0	0	0	0	0	0	0	0	0	0	0	0	0	0	0	0	0	0	0	0	0	0	0	0	0	0	0	0	0	0	0	0	0	0	0	0	0	0	0	0	0	0	0	0	0	0	0	0	0	0	0	0	0	0	0	0	0	0	0	0	0	0	0	0	0	0	0	0	0	0	0	0	0	0	0	0	0	0	d__Eukaryota; p__Chordata; c__Aves; o__Passeriformes; f__Fringillidae; g__Plectrophenax; s__Plectrophenax_nivalis
Muscicapa_striata	0	0	0	0	0	0	0	0	0	0	0	0	0	0	0	0	0	0	0	0	0	0	0	0	0	0	0	0	0	0	0	0	0	0	0	0	0	0	0	0	0	0	0	0	0	0	0	0	0	0	0	0	0	0	0	0	87	0	0	0	0	0	0	0	0	0	0	0	0	0	0	0	0	0	0	0	0	0	0	0	0	0	0	0	0	0	0	0	0	0	0	0	0	0	0	0	0	0	0	0	0	0	0	0	0	0	0	0	0	0	0	0	0	0	0	0	0	0	0	0	0	0	0	0	0	0	0	0	0	0	0	0	0	0	0	0	0	0	0	0	0	0	0	0	0	0	0	0	0	0	0	0	0	0	0	0	0	0	0	0	0	0	0	0	0	0	0	0	0	0	0	0	0	0	0	0	0	0	0	0	0	0	0	0	0	0	0	0	0	0	0	0	0	0	0	0	0	0	0	0	0	0	0	0	0	0	0	0	0	0	0	0	0	0	0	0	0	0	0	0	0	0	0	0	0	0	0	0	0	0	0	0	0	0	0	0	0	0	0	0	0	0	0	0	0	0	0	0	0	0	0	0	0	0	0	0	d__Eukaryota; p__Chordata; c__Aves; o__Passeriformes; f__Muscicapidae; g__Muscicapa; s__Muscicapa_striata
Parus_major	0	0	0	0	0	0	0	0	0	0	0	0	0	0	0	0	0	0	0	0	63	0	0	0	0	0	0	0	0	0	0	0	0	0	0	0	0	0	0	0	0	0	0	0	0	0	0	0	0	0	0	0	0	0	0	3	0	0	0	0	0	0	0	0	0	0	0	0	0	164	0	0	0	0	0	0	0	0	0	156	0	0	0	0	0	0	0	0	0	0	0	0	0	0	0	0	0	0	0	0	0	0	0	0	0	0	0	0	0	0	0	0	0	0	0	0	0	0	0	0	0	0	0	0	0	0	0	0	0	0	0	0	0	0	0	0	0	0	0	0	0	0	0	0	0	0	0	141	0	0	0	0	0	0	0	0	0	0	0	0	0	0	0	0	0	0	0	0	0	0	0	0	0	0	0	0	0	0	0	2127	12764	0	0	0	0	0	23017	0	0	0	0	0	0	134	0	4876	0	0	0	0	0	0	0	0	0	0	0	0	0	0	0	0	0	0	0	0	0	0	0	1932	0	0	0	0	0	0	0	0	0	0	0	0	0	0	0	0	0	0	0	0	0	0	0	0	0	0	0	0	0	0	0	0	0	0	0	0	d__Eukaryota; p__Chordata; c__Aves; o__Passeriformes; f__Paridae; g__Parus; s__Parus_major
Prunella_modularis	0	0	0	0	0	0	0	0	0	0	0	0	0	0	0	0	0	0	0	0	0	0	0	0	0	0	0	0	0	0	0	0	0	0	0	0	0	0	0	0	0	0	0	0	0	0	0	0	0	0	0	0	0	0	0	0	0	0	0	0	0	0	0	0	0	0	0	0	0	0	0	0	0	0	0	0	0	0	0	0	0	0	0	0	0	0	0	0	0	0	0	0	0	0	0	0	0	0	0	0	0	0	0	0	0	0	0	0	0	0	0	0	0	0	0	0	0	0	0	0	0	0	0	0	0	0	0	0	0	0	0	0	0	0	0	0	0	0	0	0	0	0	0	0	0	0	0	0	0	0	0	0	0	0	0	0	0	0	0	0	0	0	0	0	0	0	0	0	0	0	0	0	0	0	16	0	0	0	0	0	0	0	0	0	0	0	0	0	0	0	0	0	0	0	0	0	0	0	0	0	0	0	0	0	0	0	0	443	0	0	0	0	0	0	0	0	0	0	0	0	0	0	0	0	0	0	0	0	0	0	0	0	0	0	0	0	0	0	0	0	0	0	0	0	0	0	0	0	0	0	0	0	0	0	0	0	d__Eukaryota; p__Chordata; c__Aves; o__Passeriformes; f__Prunellidae; g__Prunella; s__Prunella_modularis
Sitta_europaea	0	0	0	0	0	0	0	0	0	0	0	0	0	0	0	0	0	0	0	0	0	0	0	0	0	0	0	0	0	0	0	0	0	0	0	0	0	0	0	0	0	0	0	0	0	0	0	0	0	0	0	0	0	0	0	0	0	0	0	0	0	0	0	0	0	0	0	0	0	0	0	0	0	0	0	0	0	0	0	0	0	0	0	0	0	0	0	0	0	0	0	0	0	0	0	0	0	0	0	0	0	0	0	0	0	0	0	0	0	0	0	0	0	0	0	0	0	0	0	0	169	0	0	0	0	0	0	0	0	0	0	0	0	0	0	0	0	0	0	0	0	0	0	0	0	0	0	0	0	0	0	0	0	0	0	0	0	0	0	0	0	0	0	0	0	0	0	0	0	0	0	0	0	0	0	0	0	0	0	0	0	0	0	0	0	0	0	0	0	0	0	0	0	0	0	0	0	0	0	0	0	0	0	0	0	0	0	0	0	0	0	0	0	0	0	0	0	0	0	0	0	0	0	0	0	0	0	0	0	0	0	0	0	0	0	0	0	0	0	0	0	0	0	0	0	0	0	0	0	0	0	0	0	0	0	0	d__Eukaryota; p__Chordata; c__Aves; o__Passeriformes; f__Sittidae; g__Sitta; s__Sitta_europaea
Sturnus_vulgaris	0	0	0	0	0	0	0	0	0	0	0	0	0	0	0	0	0	0	0	0	0	0	0	0	0	0	0	0	0	0	0	0	0	0	0	0	0	0	0	0	0	0	0	0	0	0	0	0	0	0	0	0	0	0	0	0	0	0	0	0	0	0	0	0	0	0	0	0	0	0	0	0	0	0	0	0	0	0	0	0	0	0	0	0	0	0	0	0	0	0	0	0	0	0	0	0	0	0	0	0	0	0	0	0	0	0	0	0	0	0	0	0	0	0	0	0	0	0	0	0	0	0	0	0	0	0	0	0	0	0	0	0	0	0	0	0	0	0	0	0	0	0	0	0	0	0	0	0	0	0	0	0	0	0	0	0	0	0	0	0	0	0	0	0	0	0	0	0	0	0	0	0	0	0	0	0	0	0	0	11394	72801	0	0	0	0	0	0	0	0	0	0	0	0	0	0	0	0	0	0	0	0	0	0	0	0	0	0	0	0	0	0	0	0	0	0	0	0	0	0	0	0	0	0	0	0	0	0	0	0	0	0	0	0	0	0	0	0	0	0	0	0	0	0	0	0	0	0	0	0	0	0	0	0	0	0	0	d__Eukaryota; p__Chordata; c__Aves; o__Passeriformes; f__Sturnidae; g__Sturnus; s__Sturnus_vulgaris
Sylvia_atricapilla	0	0	0	0	0	0	0	0	0	0	0	0	0	0	0	0	0	0	0	0	0	0	0	0	0	0	0	0	0	0	0	0	0	0	0	0	0	0	0	0	0	0	61	0	0	0	0	0	0	0	0	0	0	0	0	0	0	0	0	0	0	0	0	0	0	0	0	0	0	0	0	0	0	0	0	0	0	0	0	0	0	0	0	0	0	0	0	0	0	0	0	0	0	0	0	0	0	0	0	0	0	0	0	0	0	0	0	0	0	0	0	0	0	0	0	0	0	0	0	0	0	0	0	0	0	0	0	0	0	0	0	0	0	0	0	0	0	0	0	0	0	0	0	0	0	0	0	0	0	0	0	0	0	0	0	0	0	0	0	0	0	0	0	0	0	0	0	0	0	0	0	0	0	0	0	0	0	0	0	0	0	0	0	0	0	0	0	0	0	0	0	0	0	0	0	0	0	0	0	0	0	0	0	0	0	0	0	0	0	0	0	0	0	0	0	0	0	0	0	0	0	0	0	0	0	0	0	0	0	0	0	0	0	0	0	0	0	0	0	0	0	0	0	0	0	0	0	0	0	0	0	0	0	0	0	0	d__Eukaryota; p__Chordata; c__Aves; o__Passeriformes; f__Sylviidae; g__Sylvia; s__Sylvia_atricapilla
Erithacus_rubecula	0	0	0	0	0	81	0	0	0	0	0	0	0	0	0	0	3	3	0	41	0	0	4	0	3	6	0	0	0	0	0	109	23	0	0	0	0	0	0	0	88	0	0	55	0	0	0	199	0	94	0	0	3501	2522	374	2427	1305	672	802	370	613	435	0	109	123	0	0	0	137	0	310	0	330	0	0	187	0	0	0	0	0	0	0	0	0	0	151	0	0	0	0	0	0	0	0	0	0	0	0	0	0	0	0	0	0	0	0	0	0	0	0	0	0	0	0	0	0	0	0	0	0	0	0	0	0	0	0	113	0	0	0	257	0	0	0	0	0	0	0	0	0	0	0	0	0	0	0	0	0	0	0	0	0	0	0	0	0	0	0	0	127	0	585	0	0	0	0	0	0	0	0	0	0	0	41	5814	310	0	0	0	0	0	0	0	0	0	0	0	0	0	0	0	0	844	0	0	0	0	0	0	0	0	0	0	0	0	0	0	2550	24	0	0	0	0	420	0	1877	0	0	0	0	0	0	0	0	0	0	0	0	0	0	0	0	0	0	0	0	0	0	0	0	0	0	0	0	0	0	0	0	0	0	0	0	0	0	0	d__Eukaryota; p__Chordata; c__Aves; o__Passeriformes; f__Turdidae; g__Erithacus; s__Erithacus_rubecula
Turdus_philomelos	0	0	0	0	0	0	0	0	0	0	0	0	0	0	0	0	0	0	0	0	0	0	0	0	0	0	0	0	0	0	0	46	0	0	0	0	0	0	0	0	0	180	0	0	0	0	0	0	0	0	0	0	1010	143	0	51	46	78	0	0	167	0	0	0	25	0	0	0	0	210	0	1239	0	0	381	106	0	0	0	0	0	0	0	0	0	0	0	0	0	0	0	0	0	363	0	0	0	0	0	0	0	0	0	0	0	0	0	869	0	0	251	238	97	0	0	0	0	0	0	0	0	51	0	127	7	0	0	0	0	0	0	0	0	0	0	0	0	0	0	0	0	0	0	0	53	0	0	0	0	0	0	0	0	0	0	0	0	0	0	159	92	0	0	508	0	490	982	0	0	0	0	0	0	0	0	0	0	0	0	0	0	0	0	0	0	0	0	0	0	0	0	0	0	146	0	0	0	0	0	0	0	0	0	0	0	0	0	0	0	0	0	0	0	0	0	0	0	0	0	0	0	0	0	0	0	0	0	0	0	0	0	0	0	0	0	0	0	0	0	0	0	0	0	0	0	0	0	0	0	0	0	0	0	0	0	0	d__Eukaryota; p__Chordata; c__Aves; o__Passeriformes; f__Turdidae; g__Turdus; s__Turdus_philomelos
Ardea_cinerea	0	0	0	0	0	0	0	0	0	0	0	0	0	0	0	0	0	0	0	0	0	0	0	0	0	0	0	0	0	0	1737	275	127	0	74	147	0	111	0	0	0	0	0	0	0	0	0	0	0	0	0	0	0	0	0	0	0	0	0	0	0	0	0	0	0	0	0	0	0	0	0	0	0	0	0	0	0	0	0	0	0	0	0	0	0	0	0	0	0	0	0	0	0	0	0	0	0	0	0	0	0	0	0	0	0	0	0	0	0	0	0	0	0	0	0	0	0	0	0	0	0	0	0	0	0	0	0	0	0	0	0	0	0	0	0	0	0	0	0	0	0	0	0	0	0	0	0	0	0	0	0	0	0	0	0	0	0	0	0	0	0	0	0	0	0	0	0	0	0	0	0	0	0	0	0	0	0	0	0	0	0	0	0	0	0	0	0	0	0	0	0	0	0	0	0	0	0	0	0	0	0	0	0	0	0	0	0	0	0	0	0	0	0	0	0	0	0	0	0	0	0	0	0	0	0	0	0	0	0	0	0	0	0	0	0	0	0	0	0	0	0	0	0	0	0	0	0	0	0	0	0	0	0	0	0	0	d__Eukaryota; p__Chordata; c__Aves; o__Pelecaniformes; f__Ardeidae; g__Ardea; s__Ardea_cinerea
Dendrocopos_major	0	0	0	0	0	0	0	0	0	0	0	0	0	0	0	0	0	0	0	0	0	0	0	0	0	0	0	0	0	0	0	0	0	0	0	0	0	0	0	0	0	0	0	0	0	0	0	0	0	0	0	0	0	0	0	0	0	0	0	0	0	0	0	0	0	0	0	0	0	0	0	0	0	0	0	0	0	0	0	0	0	0	0	0	0	0	0	0	0	0	0	0	0	0	0	0	0	0	0	0	0	0	0	0	0	0	0	0	0	0	0	0	0	0	0	0	0	0	0	0	0	0	0	0	0	0	0	0	0	0	0	0	0	0	0	0	0	0	0	0	0	0	0	0	0	0	0	0	0	0	0	0	0	0	0	0	0	0	0	0	0	252	0	0	0	0	0	0	0	0	0	0	0	0	0	0	0	3	0	222	0	0	0	0	0	3602	138112	0	0	0	0	0	0	451	0	9560	0	0	0	33093	0	0	0	0	0	0	0	0	0	0	0	0	0	0	0	0	0	0	0	0	0	0	0	0	0	0	0	0	0	0	0	0	0	0	0	0	0	0	0	0	0	0	0	0	0	0	0	0	0	0	0	0	0	0	0	0	d__Eukaryota; p__Chordata; c__Aves; o__Piciformes; f__Picidae; g__Dendrocopos; s__Dendrocopos_major
Podiceps_cristatus	0	0	0	0	0	0	0	0	0	0	0	0	0	0	0	0	0	0	0	0	0	0	0	0	0	0	0	0	0	0	0	0	0	0	0	0	0	0	0	0	0	0	0	0	0	0	0	0	0	0	0	0	0	0	0	0	0	0	0	0	0	0	0	0	0	0	0	0	0	0	0	0	0	0	0	0	0	0	0	0	0	0	0	0	0	0	0	0	0	0	0	0	0	0	0	0	0	0	0	0	0	0	0	0	0	0	0	0	0	0	0	0	0	0	0	0	0	4	0	0	0	0	0	0	0	0	0	0	0	0	0	0	0	0	0	0	0	0	0	0	0	0	0	0	0	0	0	0	0	0	0	0	0	0	0	0	0	0	0	0	0	0	0	0	0	0	0	0	0	0	0	0	0	0	0	0	0	0	0	0	0	0	0	0	0	0	0	0	0	0	0	0	0	0	0	0	0	0	0	0	0	0	0	0	0	0	0	0	0	0	0	0	0	0	0	0	0	0	0	0	0	0	0	0	0	0	0	0	0	0	0	0	0	0	0	0	0	0	0	0	0	0	0	0	0	0	0	0	0	0	0	0	0	0	0	0	d__Eukaryota; p__Chordata; c__Aves; o__Podicipediformes; f__Podicipedidae; g__Podiceps; s__Podiceps_cristatus
Phalacrocorax_carbo	0	0	0	0	0	0	0	0	0	0	0	0	0	0	0	0	0	0	0	0	0	0	0	0	0	0	0	0	0	0	0	0	0	0	0	0	0	0	0	0	0	0	0	0	0	0	0	0	0	0	0	0	0	0	82	0	64	0	0	0	34	0	40	0	0	0	0	0	0	0	0	0	0	0	0	0	0	0	0	0	0	0	0	0	0	0	0	0	0	0	0	0	0	0	0	0	0	0	0	0	0	0	0	0	0	0	0	0	0	0	0	0	0	0	0	0	0	0	0	0	0	0	0	0	0	0	0	0	0	0	0	117	0	0	0	0	0	0	0	0	0	0	0	0	0	0	0	0	0	0	139	0	0	0	0	0	0	0	0	0	0	0	0	0	0	0	0	0	0	0	0	0	0	0	0	0	0	0	0	0	0	0	0	0	0	0	0	0	0	0	0	0	0	0	0	0	0	0	0	0	0	0	0	0	0	0	0	0	0	0	0	0	0	0	0	0	0	0	0	0	0	0	0	0	0	0	0	0	0	0	0	0	0	0	0	0	0	0	0	0	0	0	0	0	0	0	0	0	0	0	0	0	0	0	0	0	d__Eukaryota; p__Chordata; c__Aves; o__Suliformes; f__Phalacrocoracidae; g__Phalacrocorax; s__Phalacrocorax_carbo
Lampetra_fluviatilis	0	14	0	51	14	95	9	21	24	194	0	0	66	0	0	24	76	374	14	4	79	38	201	166	151	26	0	0	334	447	0	169	253	341	114	398	258	332	0	0	1161	2474	248	2509	2153	2895	4122	2331	3531	4830	0	0	52	111	0	157	156	328	217	153	227	669	243	231	220	0	0	340	296	18	245	395	160	233	543	162	125	0	0	274	351	0	368	52	0	263	18	31	215	0	0	117	131	0	545	303	249	273	60	76	319	42	742	335	28	0	0	1556	726	0	474	876	383	283	276	473	76	0	0	203	79	62	217	135	285	179	96	82	110	0	0	63	0	36	16	157	10	396	307	297	76	629	481	236	348	0	0	0	142	0	55	0	0	0	0	162	0	0	0	99	208	0	197	721	111	94	145	88	786	0	0	0	0	0	0	0	0	0	0	0	0	0	0	0	0	0	0	0	0	0	0	0	0	0	0	0	0	0	0	0	0	0	0	0	0	0	0	0	0	0	0	0	0	0	0	0	0	0	0	0	0	0	0	0	0	0	0	0	0	0	0	0	0	0	0	0	0	0	0	0	0	0	0	0	0	0	0	0	0	0	0	0	0	0	0	0	d__Eukaryota; p__Chordata; c__Hyperoartia; o__Petromyzontiformes; f__Petromyzontidae; g__Lampetra; s__Lampetra_fluviatilis
Bos_taurus	283	205	117	139	255	161	99	110	239	256	0	0	357	99	101	51	678	915	329	164	608	642	726	367	195	625	0	0	0	0	0	54	43	0	59	0	321	12	0	0	58	0	0	99	0	0	66	72	0	30	0	0	100	0	36	0	0	0	0	0	15	37	0	20	11142	0	0	0	0	0	0	0	0	0	0	0	0	0	235	196	0	0	218	0	0	122	0	0	0	0	0	0	0	236	0	0	0	0	0	153	0	0	238	0	67511	0	0	302	668	110	580	676	1860	823	478	1094	822	0	0	17166	14502	8414	11245	9880	10075	11723	9764	8981	9050	0	0	2655	994	2876	6166	318	2600	3126	3698	3468	3277	2492	1660	734	855	0	0	1535	2725	3006	2213	6638	8307	2719	4950	5697	3947	0	0	0	0	0	0	0	0	0	0	0	0	0	0	0	0	711	0	5454	0	0	0	20	6	179	3	0	7	0	9	0	0	0	0	0	0	186	0	0	0	0	0	0	0	0	1137	0	0	0	0	0	0	5	0	0	1018	0	211	0	0	0	0	0	247	0	0	0	440	0	0	310	0	0	0	0	0	0	0	0	0	0	0	0	0	0	0	0	0	0	0	0	0	0	0	0	0	0	0	0	d__Eukaryota; p__Chordata; c__Mammalia; o__Artiodactyla; f__Bovidae; g__Bos; s__Bos_taurus
Capra_hircus	0	0	0	0	0	0	0	0	0	0	0	0	0	0	0	0	0	0	0	0	0	0	0	0	0	0	0	0	0	0	0	0	0	0	0	0	0	0	0	0	0	0	0	0	0	0	0	0	0	0	0	0	0	0	0	0	0	0	0	0	0	0	0	0	3	0	0	0	0	0	0	0	0	0	0	0	0	0	0	0	0	0	0	0	0	0	0	0	0	0	0	0	0	0	0	0	0	0	0	0	0	0	0	0	0	0	0	0	0	0	0	0	0	0	0	0	0	0	0	0	0	0	0	0	0	0	0	0	0	0	0	0	0	0	0	0	0	0	0	0	0	0	0	0	0	0	0	0	0	0	0	0	0	0	0	0	0	0	0	0	0	0	0	0	0	0	0	0	0	0	0	0	0	0	0	0	0	0	0	0	0	0	0	0	0	0	0	0	0	0	0	0	0	0	0	0	0	0	0	0	0	0	0	0	0	0	0	0	0	0	0	0	0	0	0	0	0	0	0	0	0	0	0	0	0	0	0	0	0	0	0	0	0	0	0	0	0	0	0	0	0	0	0	0	0	0	0	0	0	0	0	0	0	0	0	0	d__Eukaryota; p__Chordata; c__Mammalia; o__Artiodactyla; f__Bovidae; g__Capra; s__Capra_hircus
Ovis_aries	15	41	0	0	48	26	8	28	0	0	0	0	59	37	65	5	0	300	48	20	53	102	173	2102	128	394	0	0	57	0	0	21	0	0	29	0	0	0	0	0	0	0	0	0	0	0	0	0	0	0	0	0	0	0	0	0	0	0	0	64	0	0	0	42	23	0	0	0	0	0	0	0	0	0	0	0	0	0	0	0	0	0	30	0	0	0	0	0	0	0	0	0	0	0	0	0	0	0	0	0	0	0	0	0	0	0	0	0	0	0	0	0	0	0	0	0	0	0	0	1040	1613	590	854	1457	893	1073	958	659	916	0	0	1134	150	743	723	74	619	855	1428	580	666	734	453	0	0	0	0	2767	3359	2158	3198	9149	9356	3240	3070	5145	4335	0	0	0	0	0	0	0	0	0	0	0	0	0	0	0	0	0	0	0	0	0	0	0	0	0	0	0	0	0	0	0	0	0	0	0	0	27840	0	0	0	0	0	0	0	0	0	0	0	0	0	0	0	0	0	0	0	0	0	0	0	0	0	0	0	0	0	0	0	0	0	0	0	0	0	0	0	0	0	0	0	0	0	0	0	0	0	0	0	0	0	0	0	0	0	0	0	0	0	0	d__Eukaryota; p__Chordata; c__Mammalia; o__Artiodactyla; f__Bovidae; g__Ovis; s__Ovis_aries
Capreolus_capreolus	0	0	9	0	14	0	0	0	0	43	0	0	0	29	3	0	0	172	45	32	19	0	0	235	24	0	0	0	0	54	0	66	23	0	0	0	0	0	0	0	0	0	0	0	0	0	0	0	0	0	0	0	0	132	0	0	0	0	0	0	0	0	40	0	4	0	0	0	0	31	0	0	260	0	0	0	55	0	0	0	0	0	0	0	0	0	0	0	0	0	0	0	0	0	0	0	151	0	0	0	0	0	0	243	0	0	0	100	143	15	0	0	294	71	0	0	0	0	0	61	0	0	0	0	0	0	0	79	79	0	0	0	0	0	0	0	0	0	0	0	0	0	0	0	0	0	0	30	51	681	318	318	449	0	84	189	161	0	0	0	32	0	0	424	0	46	0	319	0	0	0	0	0	0	0	0	3405	0	0	0	0	0	0	0	0	0	0	0	0	0	0	0	0	0	0	0	0	0	0	0	0	0	0	0	0	0	0	0	0	0	0	0	0	0	0	0	0	0	0	0	0	0	0	0	0	0	0	0	0	0	0	0	0	0	0	0	0	0	0	0	0	0	0	0	0	0	0	0	0	0	0	0	0	0	0	0	d__Eukaryota; p__Chordata; c__Mammalia; o__Artiodactyla; f__Cervidae; g__Capreolus; s__Capreolus_capreolus
Cervus_elaphus	5	64	0	31	38	104	75	0	518	23	0	0	43	137	0	13	429	108	0	79	69	93	1603	289	0	0	0	0	256	224	0	158	0	62	0	0	0	75	0	0	0	515	0	374	0	172	0	0	0	78	0	0	194	0	0	0	0	0	0	0	0	0	0	0	0	0	0	0	0	0	0	0	179	89	171	62	108	0	0	0	207	0	376	0	0	132	0	0	0	0	0	181	166	0	0	219	165	695	0	0	0	0	0	0	0	0	0	0	194	0	134	0	0	0	0	0	0	0	0	306	223	0	0	0	0	0	0	0	47	0	0	0	0	0	0	0	0	0	0	0	0	0	0	491	0	0	0	0	0	511	106	1500	236	195	0	124	0	0	0	0	0	0	0	0	0	0	0	0	0	0	0	0	0	411	3	0	965	0	0	0	0	0	0	0	0	0	0	0	0	0	0	0	0	0	0	0	0	0	0	0	0	0	0	829	23299	0	127	0	0	0	0	0	0	0	0	0	0	0	332	0	584	0	0	0	0	0	0	0	0	0	0	0	0	0	0	0	0	0	0	0	0	0	0	0	0	0	0	0	0	0	0	0	0	0	0	0	d__Eukaryota; p__Chordata; c__Mammalia; o__Artiodactyla; f__Cervidae; g__Cervus; s__Cervus_elaphus
Cervus_nippon	0	0	0	0	0	0	0	0	0	0	0	0	0	0	0	0	0	0	0	0	0	0	0	0	0	0	0	0	0	0	0	0	0	0	0	0	0	0	0	0	0	0	0	0	0	0	0	0	0	0	0	0	0	0	0	0	0	0	0	0	0	0	0	0	0	0	0	0	0	0	0	0	0	0	0	0	0	0	0	0	0	0	0	0	0	0	0	0	0	0	0	0	0	0	0	0	0	0	0	0	0	0	0	0	0	0	0	0	0	0	0	0	0	0	0	0	0	0	0	0	0	0	0	0	0	0	0	0	0	0	0	0	0	0	0	0	0	0	0	0	0	0	0	0	0	0	0	0	0	0	0	0	0	0	0	0	0	0	0	0	0	0	0	0	0	0	0	0	0	0	0	0	0	0	0	0	0	0	0	516	9754	0	0	0	0	0	0	0	0	0	0	0	0	7770	0	0	0	0	0	8118	0	0	0	0	0	0	0	0	0	0	0	0	0	87	0	0	0	0	0	0	0	2834	0	0	0	0	0	0	0	0	0	0	0	0	0	0	0	0	0	0	0	0	0	0	0	0	0	0	0	0	0	0	0	0	0	0	d__Eukaryota; p__Chordata; c__Mammalia; o__Artiodactyla; f__Cervidae; g__Cervus; s__Cervus_nippon
Dama_dama	0	0	0	0	0	0	0	0	0	0	0	0	0	0	0	0	0	0	0	0	0	0	0	0	0	0	0	0	0	0	0	0	0	0	0	0	0	0	0	0	0	0	0	0	0	0	0	0	0	0	0	0	0	0	0	0	0	0	0	0	0	0	0	0	0	0	0	0	0	0	0	0	0	0	0	0	0	0	0	0	0	0	0	0	0	0	0	0	0	0	0	0	0	0	0	0	0	0	0	0	0	0	0	1428	0	0	0	0	0	0	0	0	0	0	0	0	0	0	0	0	0	0	0	0	0	0	0	0	0	0	0	0	0	0	0	0	0	0	0	0	0	0	0	0	0	0	0	0	0	0	0	0	0	0	0	0	0	0	0	0	0	0	0	0	0	0	0	0	0	0	0	0	0	0	0	0	0	0	0	0	0	0	0	0	0	0	0	0	0	0	0	0	0	0	0	0	0	0	0	0	0	0	0	0	0	0	0	0	0	0	0	0	0	0	0	0	0	0	0	0	0	0	0	0	0	0	0	0	0	0	0	0	0	0	0	0	0	0	0	0	0	0	0	0	0	0	0	0	0	0	0	0	0	0	0	0	d__Eukaryota; p__Chordata; c__Mammalia; o__Artiodactyla; f__Cervidae; g__Dama; s__Dama_dama
Sus_scrofa	155	128	66	226	0	6	0	160	134	169	0	0	283	21	0	41	239	0	42	93	0	53	0	0	74	79	0	0	0	0	0	0	0	0	93	0	125	238	70	0	0	0	78	0	0	493	0	0	69	76	0	0	0	102	0	0	0	0	0	0	0	0	0	0	0	0	0	0	0	0	0	0	0	0	0	88	0	0	0	0	0	0	0	0	0	0	0	0	0	0	0	0	0	0	0	0	0	0	0	0	0	0	0	0	0	0	0	0	0	0	0	0	0	0	0	0	449	0	33913	0	0	298	0	0	486	0	0	0	0	0	0	0	0	0	0	0	481	201	0	0	0	969	0	0	0	0	0	84	0	5	0	592	0	0	244	0	152	0	0	0	0	0	0	0	0	0	171	0	269	0	0	782	0	1271	6	0	411	33	0	70	7321	819	0	0	0	0	0	0	0	0	0	0	0	141	0	0	0	0	0	0	0	0	0	0	0	0	0	877	0	0	0	0	0	0	0	1598	291	0	988	0	3756	0	199	0	0	0	0	663	0	0	0	0	0	0	0	0	0	152	100	0	0	0	0	0	0	0	13	0	0	0	0	11	0	0	4	185	d__Eukaryota; p__Chordata; c__Mammalia; o__Artiodactyla; f__Suidae; g__Sus; s__Sus_scrofa
Canis_lupus	284	222	0	117	0	0	0	0	0	0	0	0	28	0	4	0	307	0	28	55	0	0	125	138	45	112	0	44	0	459	0	0	0	0	0	0	0	0	0	0	0	0	0	0	0	0	0	0	0	0	0	0	0	436	0	0	0	0	0	0	0	0	0	53	27	0	0	0	0	0	0	0	0	0	0	0	0	0	0	0	0	0	0	0	0	0	0	0	0	0	0	0	0	0	0	0	0	0	0	0	0	0	0	0	0	0	0	0	0	0	43	0	0	0	0	0	0	0	0	0	0	41	0	0	0	0	0	0	0	0	0	1133	1093	177	5	0	0	0	0	41	0	0	116	0	24	0	0	70	329	88	0	304	553	0	0	0	90	0	0	0	0	0	0	0	0	0	0	0	0	0	0	68	0	1281	0	0	542	0	0	6	0	0	0	0	0	0	0	0	0	0	0	0	0	72	0	0	0	0	0	0	0	0	0	90	0	241	34	0	0	284	0	0	0	0	0	0	428	0	0	0	0	0	0	490	0	0	111	0	0	0	0	0	0	0	0	0	0	0	0	0	0	0	0	0	0	0	0	0	0	0	0	0	0	0	0	0	d__Eukaryota; p__Chordata; c__Mammalia; o__Carnivora; f__Canidae; g__Canis; s__Canis_lupus
Vulpes_vulpes	0	0	0	0	0	0	0	0	0	0	0	0	0	0	0	0	0	0	0	0	0	36	0	0	0	0	0	0	52	0	0	0	0	0	0	0	0	0	0	0	0	0	0	0	0	0	0	0	0	0	0	0	0	0	0	0	0	0	0	0	0	0	0	0	0	0	0	0	0	0	0	0	0	0	0	0	0	0	0	0	0	0	0	0	0	0	0	0	0	0	0	0	0	0	0	0	0	0	0	0	0	0	0	0	0	0	0	0	0	0	0	132	0	0	0	0	0	0	0	155	0	0	0	0	0	0	0	0	0	0	0	284	82	0	0	0	0	0	0	0	0	0	0	0	0	0	0	0	0	121	0	0	0	0	0	0	0	0	0	0	0	0	0	0	0	0	0	0	0	0	0	0	0	0	0	0	0	0	0	0	0	0	0	0	0	0	0	0	0	0	0	0	0	61	0	0	0	0	0	0	0	0	0	0	0	0	0	0	0	0	0	0	0	0	0	0	0	0	0	0	0	0	0	0	0	0	0	0	0	0	0	0	0	0	0	0	0	0	0	0	0	0	0	0	0	0	0	0	0	0	0	0	0	0	0	0	d__Eukaryota; p__Chordata; c__Mammalia; o__Carnivora; f__Canidae; g__Vulpes; s__Vulpes_vulpes
Lutra_lutra	0	0	0	0	0	0	0	0	0	0	0	0	373	0	771	24	209	0	0	60	204	276	477	467	518	233	0	0	0	0	414	444	159	374	715	253	255	124	0	0	0	0	0	0	0	155	215	0	0	0	0	0	0	136	29	87	0	0	0	0	0	34	53	0	0	0	0	0	0	314	0	438	0	0	0	0	0	0	0	0	0	0	149	0	56	0	0	437	0	0	0	451	0	0	0	0	0	529	0	0	0	225	0	0	0	0	0	0	0	0	0	0	0	0	0	0	0	0	0	0	0	0	0	234	0	0	0	139	0	0	0	301	0	0	0	0	0	0	0	0	0	0	0	0	0	0	0	1891	1450	422	450	0	279	739	597	3351	866	0	0	0	360	0	232	0	0	0	0	0	0	0	0	0	0	0	0	0	0	0	0	0	0	0	0	0	0	0	0	0	0	0	0	0	0	0	0	0	0	0	0	0	0	0	0	0	0	0	0	0	0	0	0	0	0	0	0	0	0	0	0	0	0	0	0	0	0	0	0	0	0	0	0	0	0	0	0	0	0	0	0	0	0	0	0	0	0	0	0	0	0	0	0	0	0	0	0	0	d__Eukaryota; p__Chordata; c__Mammalia; o__Carnivora; f__Mustelidae; g__Lutra; s__Lutra_lutra
Martes_martes	0	0	0	0	0	0	0	0	0	0	0	0	0	0	0	0	0	0	0	11	0	0	0	0	0	0	0	0	0	0	0	0	0	0	0	0	0	0	0	0	0	0	0	0	0	0	0	0	0	0	0	0	0	0	0	0	0	0	0	0	0	0	0	0	0	0	0	0	0	0	0	0	0	0	0	0	0	0	0	0	0	0	0	0	0	0	0	0	0	0	0	0	0	0	0	0	0	0	0	0	0	0	0	0	0	0	0	0	0	0	0	0	0	0	0	0	0	0	0	0	0	0	0	0	0	0	0	0	0	0	0	0	0	0	0	0	0	0	0	0	0	0	0	0	0	0	0	0	0	0	0	0	0	0	0	0	0	0	0	0	0	0	0	0	0	0	0	0	0	0	0	0	0	0	0	0	0	0	0	13	0	0	0	0	0	0	0	0	0	0	0	0	0	29	0	2473	0	0	0	0	0	0	0	0	0	0	0	0	0	0	0	0	0	0	0	0	0	0	0	0	0	0	0	0	0	0	0	0	0	0	0	0	0	0	0	0	0	0	0	0	0	0	0	0	0	0	0	0	0	0	0	0	0	0	0	0	d__Eukaryota; p__Chordata; c__Mammalia; o__Carnivora; f__Mustelidae; g__Martes; s__Martes_martes
Meles_meles	0	0	0	0	0	0	0	0	0	0	0	0	0	0	0	0	0	0	0	0	0	0	0	0	0	54	0	0	0	0	0	0	0	0	0	77	0	0	0	0	0	0	0	0	0	0	0	0	0	0	0	0	0	0	0	0	0	0	0	0	0	0	0	0	0	0	0	0	0	0	0	0	0	72	0	0	0	0	0	0	0	0	0	0	0	0	0	0	0	0	0	0	0	0	0	0	0	0	0	0	0	0	158	0	0	0	0	0	0	0	0	0	0	0	0	0	0	0	0	0	0	0	0	0	0	0	0	0	124	0	0	0	0	0	0	0	0	0	0	0	0	0	0	0	0	0	0	0	0	0	0	0	0	0	0	0	0	0	0	0	0	0	0	0	0	0	0	0	0	0	0	0	0	0	0	0	0	0	0	0	0	0	0	0	0	0	0	0	0	0	0	0	0	0	0	0	0	0	0	0	0	0	0	0	0	0	0	0	0	0	0	0	0	0	0	0	0	0	0	0	0	0	0	0	0	0	0	0	0	0	0	0	0	0	0	0	0	0	0	0	0	0	0	0	0	0	0	0	0	0	0	0	0	0	0	0	d__Eukaryota; p__Chordata; c__Mammalia; o__Carnivora; f__Mustelidae; g__Meles; s__Meles_meles
Mustela_erminea	0	0	0	0	0	0	0	0	0	0	0	0	0	0	0	0	0	0	0	0	0	0	0	0	0	0	0	0	0	0	0	0	0	0	0	0	0	0	0	0	0	0	0	0	0	0	0	0	0	0	0	0	0	0	0	0	0	0	0	0	0	0	0	0	0	0	0	0	0	0	0	0	0	0	0	0	0	0	0	0	0	0	0	0	0	0	0	0	0	0	0	0	0	0	0	0	0	0	0	0	0	0	0	0	0	0	0	0	0	0	0	0	0	0	0	0	0	0	0	0	470	0	0	0	0	0	0	0	0	0	0	0	0	0	0	0	0	0	0	0	0	0	0	0	0	0	0	0	0	0	0	0	0	0	0	0	0	0	0	0	0	0	0	0	0	0	0	0	0	0	0	0	0	0	0	0	0	0	0	0	0	0	0	0	0	0	0	0	0	0	0	0	0	0	0	0	0	0	0	0	0	0	0	0	0	0	0	0	0	0	0	0	0	0	0	0	0	0	0	0	0	0	0	0	0	0	0	0	0	0	0	0	0	0	0	0	0	0	0	0	0	0	0	0	0	0	0	0	0	0	0	0	0	0	0	0	d__Eukaryota; p__Chordata; c__Mammalia; o__Carnivora; f__Mustelidae; g__Mustela; s__Mustela_erminea
Myotis_mystacinus	0	0	0	0	0	0	0	0	0	0	0	0	0	0	0	0	0	0	0	0	0	0	0	0	0	0	0	0	0	0	0	0	0	0	0	0	0	0	0	0	0	0	0	0	0	0	0	0	0	0	0	0	0	0	0	0	0	0	0	0	0	0	0	0	0	0	0	0	0	0	0	0	0	0	0	0	0	0	0	0	0	0	0	0	0	0	0	0	0	0	0	0	0	0	0	0	0	0	0	0	0	0	0	0	0	0	0	58	0	0	0	0	0	0	0	0	0	0	0	0	0	0	0	0	0	0	0	0	0	0	0	0	0	0	0	0	0	0	0	0	0	0	0	0	0	0	0	0	0	0	0	0	0	0	0	0	0	0	0	0	0	0	0	0	0	0	0	0	0	0	0	0	0	0	0	0	0	0	0	0	0	0	0	0	0	0	0	0	0	0	0	0	0	0	0	0	0	0	0	0	0	0	0	0	0	0	0	0	0	0	0	0	0	0	0	0	0	0	0	0	0	0	0	0	0	0	0	0	0	0	0	0	0	0	0	0	0	0	0	0	0	0	0	0	0	0	0	0	0	0	0	0	0	0	0	0	d__Eukaryota; p__Chordata; c__Mammalia; o__Chiroptera; f__Vespertilionidae; g__Myotis; s__Myotis_mystacinus
Pipistrellus_pipistrellus	0	0	0	0	0	0	0	0	0	0	0	0	0	0	0	0	0	0	0	0	0	0	0	0	0	0	0	0	0	0	0	0	0	0	0	0	0	0	0	0	0	0	0	0	0	0	0	0	0	0	0	0	0	0	0	0	0	0	0	0	0	0	0	0	0	0	0	0	0	0	0	0	0	0	0	0	0	0	0	0	0	0	0	0	0	0	0	0	0	0	0	97	0	116	0	209	0	0	0	0	0	0	0	0	35	0	0	0	0	0	0	0	0	0	0	0	0	0	0	0	0	0	0	0	0	0	0	0	0	0	0	0	0	0	0	0	0	0	0	0	0	0	0	0	0	0	0	0	0	0	0	0	0	0	0	0	0	0	0	0	0	0	0	0	0	138	0	0	0	0	0	0	0	0	0	0	0	0	0	0	0	0	0	0	0	0	0	0	0	0	0	0	0	0	0	0	0	0	0	0	0	0	0	0	0	0	0	0	0	0	0	0	0	0	0	0	0	0	0	0	0	0	0	0	0	0	0	0	0	0	0	0	0	0	0	0	0	0	0	0	0	0	0	0	0	0	0	0	0	0	0	0	0	0	0	0	d__Eukaryota; p__Chordata; c__Mammalia; o__Chiroptera; f__Vespertilionidae; g__Pipistrellus; s__Pipistrellus_pipistrellus
Plecotus_austriacus	0	0	0	0	0	0	0	0	0	0	0	0	0	0	0	0	0	0	0	0	0	0	0	0	0	0	0	0	0	0	0	0	0	0	0	0	0	0	0	0	0	0	0	0	0	0	29	0	0	0	0	0	0	0	0	0	0	0	0	0	0	0	0	0	0	0	0	0	0	0	0	0	0	0	0	0	76	0	0	0	0	0	0	0	0	0	0	0	0	0	0	0	0	0	0	0	0	0	0	0	0	0	0	0	0	0	0	0	0	0	0	0	0	0	0	0	0	0	0	0	0	0	0	0	0	0	0	0	0	0	0	0	0	0	0	0	0	0	0	0	0	0	0	0	0	0	0	0	0	0	0	0	0	0	0	0	0	0	0	0	0	0	0	0	0	0	0	0	0	0	0	0	0	0	0	0	0	0	0	0	0	0	0	0	0	0	0	0	0	0	0	0	0	0	0	0	0	0	0	0	0	0	0	0	0	0	0	0	0	0	0	0	0	0	0	0	0	0	0	0	0	0	0	0	0	0	0	0	0	0	0	0	0	0	0	0	0	0	0	0	0	0	0	0	0	0	0	0	0	0	0	0	0	0	0	0	d__Eukaryota; p__Chordata; c__Mammalia; o__Chiroptera; f__Vespertilionidae; g__Plecotus; s__Plecotus_austriacus
Neomys_fodiens	6	49	0	0	0	70	0	34	0	0	0	0	0	0	0	0	0	117	0	0	0	0	0	0	69	0	0	0	104	0	0	0	0	16	0	0	0	87	0	0	644	327	0	37	100	86	495	223	1355	162	0	0	0	0	0	0	144	0	0	54	48	11	50	50	31	0	0	0	0	0	0	355	0	0	290	149	0	0	0	0	0	0	0	0	0	124	0	0	0	0	0	0	100	0	0	0	523	0	0	0	0	0	239	0	0	0	0	0	0	52	62	0	184	0	0	0	0	0	0	0	0	100	0	131	0	290	202	139	138	0	0	0	0	0	0	0	400	0	0	1035	0	0	152	0	0	0	0	0	305	160	0	172	249	0	0	270	95	0	0	142	105	0	0	0	99	0	0	196	0	0	0	0	0	0	0	0	0	0	0	0	0	0	0	0	0	0	0	0	0	0	0	0	0	0	0	0	0	0	0	0	0	0	0	0	0	0	0	0	0	0	0	0	0	0	0	0	0	0	0	0	0	0	0	0	0	0	0	0	0	0	0	0	0	0	0	0	0	0	0	0	0	0	0	0	0	0	0	0	0	0	0	0	0	0	0	0	d__Eukaryota; p__Chordata; c__Mammalia; o__Eulipotyphla; f__Soricidae; g__Neomys; s__Neomys_fodiens
Sorex_araneus	0	0	31	0	0	0	0	0	0	0	0	0	0	0	0	0	0	0	0	0	62	0	0	0	0	34	0	0	0	133	0	0	87	0	0	0	0	0	0	0	0	108	0	0	0	0	0	0	0	0	0	0	0	0	0	68	0	0	0	0	0	0	0	0	0	0	0	0	200	0	0	0	0	0	0	0	0	0	0	121	0	80	282	0	0	200	0	128	0	0	0	0	92	0	0	0	0	0	0	0	0	0	0	0	0	0	0	0	0	0	0	0	0	0	0	0	0	0	0	0	0	0	0	0	0	0	0	81	0	0	0	0	0	0	0	118	0	0	0	0	0	0	0	0	0	0	0	0	0	0	0	0	0	0	0	0	84	0	0	0	0	0	0	0	0	0	0	0	0	0	0	0	0	0	0	0	0	0	0	0	0	0	0	0	0	0	0	0	0	0	0	0	23428	0	0	0	0	0	0	0	0	0	0	0	0	0	0	0	0	0	0	0	0	0	0	0	0	0	0	0	0	0	0	0	0	0	0	0	0	0	0	0	0	0	0	0	0	0	0	0	0	0	0	0	0	0	0	0	0	0	0	0	0	0	0	0	d__Eukaryota; p__Chordata; c__Mammalia; o__Eulipotyphla; f__Soricidae; g__Sorex; s__Sorex_araneus
Sorex_minutus	0	0	0	34	0	0	0	0	0	0	0	0	0	0	0	0	0	0	0	4	0	0	0	0	0	0	0	0	0	0	0	0	0	0	0	0	0	0	0	0	0	0	0	0	0	0	0	0	0	0	0	0	0	0	0	0	0	0	0	0	0	0	0	0	0	0	0	0	0	0	0	0	0	0	0	0	0	0	0	0	0	0	0	0	0	0	0	0	0	0	0	0	0	0	0	0	0	0	0	0	0	0	0	0	0	0	0	0	0	0	0	0	0	0	0	0	0	0	0	0	0	0	0	0	0	0	0	0	0	0	0	0	0	0	0	0	0	0	0	0	0	0	0	0	0	0	0	0	0	0	0	0	0	0	0	0	0	0	0	0	0	0	0	0	0	0	0	0	0	0	0	173	0	0	0	0	0	0	0	0	0	0	0	0	0	0	0	0	0	0	0	0	0	0	0	0	0	0	0	0	0	0	0	0	0	0	0	0	0	0	0	0	0	0	0	0	0	0	0	0	0	0	0	0	0	0	0	0	0	0	0	0	0	0	0	0	0	0	0	0	0	0	0	0	0	0	0	0	0	0	0	0	0	0	0	0	d__Eukaryota; p__Chordata; c__Mammalia; o__Eulipotyphla; f__Soricidae; g__Sorex; s__Sorex_minutus
Talpa_europaea	0	0	0	0	0	0	0	0	0	0	0	0	48	17	0	0	0	0	0	0	8	0	0	0	95	0	0	0	0	0	0	0	0	0	39	0	0	0	0	0	0	0	0	0	0	0	0	0	0	0	0	0	0	0	46	0	0	0	0	0	0	0	0	0	0	0	0	0	219	0	0	0	0	0	234	21	0	0	0	0	179	0	0	0	0	65	0	0	0	0	0	0	0	0	0	0	0	0	0	0	0	0	0	0	0	0	0	0	0	0	0	0	0	0	0	0	0	0	0	0	0	0	0	0	0	0	0	0	0	0	0	0	0	0	0	0	0	0	0	0	0	0	0	0	0	0	0	0	0	0	0	0	0	0	0	0	0	0	0	0	0	0	0	0	0	0	0	0	0	0	0	0	0	0	0	0	0	0	0	0	0	0	0	0	0	0	0	0	0	0	0	0	0	0	0	0	0	0	0	0	0	0	0	0	0	0	0	0	0	0	0	0	0	0	0	0	0	0	0	0	0	0	0	0	0	0	0	0	0	0	0	0	0	0	0	0	0	0	0	0	0	0	0	0	0	0	0	0	0	0	0	0	0	0	0	0	d__Eukaryota; p__Chordata; c__Mammalia; o__Eulipotyphla; f__Talpidae; g__Talpa; s__Talpa_europaea
Lepus_europaeus	0	0	0	0	0	0	0	0	0	0	0	0	0	24	0	0	0	0	0	0	0	0	0	0	0	0	0	0	0	0	0	0	0	0	0	0	0	0	0	0	0	0	0	0	0	0	0	0	0	0	0	0	0	0	0	0	0	0	0	0	0	0	0	0	0	0	0	0	0	0	0	0	0	0	0	0	0	0	0	0	0	0	0	0	0	0	0	0	0	0	0	0	0	0	0	0	0	0	0	0	0	0	0	0	0	0	0	0	0	0	0	0	0	0	0	0	0	0	0	0	0	0	0	0	0	0	0	0	0	0	0	0	0	0	0	0	0	0	0	0	0	0	0	0	0	0	0	0	0	0	0	0	0	0	0	0	0	0	0	0	0	0	0	0	0	0	0	0	0	0	0	0	0	0	0	0	0	0	0	0	0	0	0	0	0	0	0	0	0	0	0	0	0	0	0	0	0	0	0	0	0	0	0	0	0	0	0	0	0	0	0	0	0	0	0	0	0	0	0	0	0	0	0	0	0	0	0	0	0	0	0	0	0	0	0	0	0	0	0	0	0	0	0	0	0	0	0	0	0	0	0	0	0	0	0	0	d__Eukaryota; p__Chordata; c__Mammalia; o__Lagomorpha; f__Leporidae; g__Lepus; s__Lepus_europaeus
Lepus_timidus	0	0	0	0	0	0	0	0	0	0	0	0	0	0	0	0	0	0	0	0	0	0	0	0	0	0	0	0	0	0	0	0	0	0	0	0	0	0	0	0	0	0	0	0	0	0	0	0	0	0	0	0	0	0	0	0	0	0	0	0	0	0	0	0	0	0	0	0	0	0	0	0	0	0	0	0	0	0	0	0	0	0	0	0	0	0	0	0	0	0	0	0	0	0	0	0	0	0	0	0	0	0	0	0	0	0	0	0	0	0	0	0	0	0	0	0	0	0	0	0	0	0	0	0	0	0	0	0	0	0	0	0	0	0	0	0	0	0	0	0	0	0	0	0	0	0	0	0	0	0	0	0	0	0	0	0	0	0	0	0	0	0	0	0	0	0	0	0	0	0	0	0	0	0	0	0	0	0	0	0	0	0	0	0	0	0	0	0	0	0	0	0	0	0	0	0	0	0	0	0	0	0	0	0	0	0	0	0	0	0	3535	0	0	0	0	0	0	0	0	0	0	0	0	0	0	0	0	0	0	0	0	0	0	0	0	0	0	0	0	0	0	0	0	0	0	0	0	0	0	0	0	0	0	0	0	34	d__Eukaryota; p__Chordata; c__Mammalia; o__Lagomorpha; f__Leporidae; g__Lepus; s__Lepus_timidus
Oryctolagus_cuniculus	0	0	0	0	0	0	0	0	0	0	0	0	0	0	0	0	0	0	0	0	0	0	0	0	0	40	0	0	0	0	0	0	0	0	0	0	0	0	0	0	4599	3583	110	14726	4358	6038	4607	4524	7378	207	0	0	0	0	0	0	0	0	0	0	0	0	0	0	25	0	0	0	0	0	0	0	0	0	0	0	0	0	0	0	0	0	0	0	0	0	0	0	0	0	0	0	0	0	0	0	0	0	0	0	0	0	0	0	51	0	0	0	0	0	0	0	0	0	0	0	0	0	0	0	0	0	0	0	0	0	0	0	0	0	0	0	0	0	0	0	0	0	0	0	0	0	0	0	0	0	0	0	0	0	0	0	0	0	0	0	0	0	0	0	0	0	0	0	0	0	0	0	0	0	0	0	0	0	0	3	0	0	0	0	0	0	0	0	0	0	0	0	0	0	0	0	0	0	0	0	0	0	0	0	0	0	0	0	0	0	0	0	0	0	0	0	0	0	0	0	0	0	0	0	0	0	0	0	0	0	0	0	0	0	0	0	0	0	0	0	0	0	0	0	0	0	0	0	0	0	0	0	0	0	0	0	0	0	0	0	d__Eukaryota; p__Chordata; c__Mammalia; o__Lagomorpha; f__Leporidae; g__Oryctolagus; s__Oryctolagus_cuniculus
Equus_caballus	0	0	0	0	72	0	0	0	0	0	0	0	0	0	0	0	0	0	0	0	0	0	0	0	0	0	0	0	0	0	0	0	0	0	0	0	0	0	0	0	0	0	0	0	0	0	0	0	0	0	0	0	0	0	0	0	0	0	0	0	0	0	0	0	0	0	0	0	0	0	0	0	0	0	0	0	0	0	0	0	0	0	0	0	0	0	0	0	0	0	0	0	0	0	0	0	0	0	0	0	0	0	0	0	0	0	0	0	0	0	0	0	0	0	0	0	0	0	0	0	0	0	0	0	0	0	0	0	0	0	0	0	0	0	0	0	0	0	0	0	0	0	0	0	0	0	0	0	0	0	0	0	0	0	0	0	0	0	0	0	0	0	0	0	0	0	0	0	0	0	0	0	0	0	0	0	0	0	0	0	0	0	0	0	0	0	0	0	0	0	0	0	0	0	0	0	0	0	0	0	0	0	0	0	0	0	0	0	0	0	0	0	0	0	0	0	0	0	0	0	0	0	0	0	0	0	0	0	0	0	0	0	0	0	0	0	0	0	0	0	0	0	0	0	0	0	0	0	0	0	0	0	0	0	0	0	d__Eukaryota; p__Chordata; c__Mammalia; o__Perissodactyla; f__Equidae; g__Equus; s__Equus_caballus
Homo_sapiens	19600	20885	5164	17045	15773	11005	10736	9647	18566	15284	5189	0	20753	19086	904	6670	24427	29605	12534	11792	18769	17122	8861	3130	1643	2124	71	122	6460	7569	2325	4721	3225	3853	3647	4440	8952	2834	265	2295	4583	5341	771	1525	1464	4745	3452	327	2911	1022	722	385	539	2127	387	670	1011	638	473	1847	1736	783	140	1546	69	1456	327	4795	5308	1762	2060	3682	1061	1357	880	518	1773	383	712	1591	2259	533	1276	596	229	383	668	9514	2044	0	182	1396	686	6815	573	620	3898	2041	1101	1365	5010	816	903	1651	168	4890	880	2270	12488	520	983	4882	1316	1031	2567	1129	8602	1547	3685	2152	7755	2168	1501	1080	4044	1047	2567	1601	2105	341	220	6359	9359	2689	8138	1347	7712	9176	3358	2742	3663	37623	12833	4414	2055	780	0	29572	43055	35852	14988	36241	29643	17105	20000	25368	20438	253	163	1901	525	776	1746	944	855	1898	2091	2037	1612	420	7007	35695	144872	97199	423	139809	63107	2863	102422	18521	134863	11417	36362	0	62	3	16006	3	75092	0	87591	256	98858	57095	0	119349	7284	174150	0	19743	0	17	53400	9699	96350	46602	110178	97027	117125	51532	62573	121070	17069	45028	38074	71519	34618	34229	30686	66400	48416	19471	74165	33697	29319	52068	25907	198792	46573	170299	17516	3403	6820	2020	191	3489	293	848	661	2670	1023	471	0	4940	3262	12	28	42	93	20	48	156	143	50	91	2657	d__Eukaryota; p__Chordata; c__Mammalia; o__Primates; f__Hominidae; g__Homo; s__Homo_sapiens
Castor_fiber	0	0	105	380	533	1133	1076	1512	2511	3257	0	0	142	0	832	106	794	528	898	193	2147	581	995	3254	1326	1955	0	0	0	0	7496	1620	6872	4408	4049	4937	8083	3712	0	0	736	0	411	5044	10054	4614	13417	6254	16534	3048	0	0	0	123	556	445	1281	611	2642	4534	2290	2766	3694	1560	130	0	0	0	283	2906	0	2447	1856	5585	4408	5967	6635	0	0	1323	0	873	707	7636	265	2008	1320	4004	6274	0	0	17197	0	9917	7145	9621	10390	17208	2593	10340	6625	7550	186	317	0	0	0	20331	0	326	5813	4084	4445	8023	4404	5240	7145	0	0	4863	3	302	1984	5217	10781	10301	10903	8209	19439	0	0	271	0	624	1508	2579	3993	2074	13040	7755	7475	10992	1848	4917	2241	0	0	84	4	3276	0	613	2045	927	802	2736	2119	0	0	4593	0	387	2654	7599	7383	58059	6217	5347	8310	0	0	0	3	0	0	0	0	0	3067	0	0	0	0	0	0	0	0	0	4702	0	0	0	0	0	0	0	0	0	0	0	0	0	0	0	0	0	0	0	0	0	0	0	3	240	0	0	0	0	0	0	0	0	0	0	0	0	0	0	0	0	0	0	0	0	0	0	0	0	0	0	0	0	0	0	0	0	0	0	0	0	0	4	0	0	0	0	d__Eukaryota; p__Chordata; c__Mammalia; o__Rodentia; f__Castoridae; g__Castor; s__Castor_fiber
Microtus_agrestis	0	0	0	0	32	43	0	0	49	83	0	0	0	9	9	24	118	1002	41	34	40	86	122	168	0	62	0	0	0	0	0	0	79	0	0	0	0	0	0	0	0	0	0	0	0	0	0	151	0	0	0	0	0	0	0	0	0	0	0	0	0	0	0	19	0	0	0	0	0	0	0	0	0	233	0	0	0	0	0	0	0	0	0	0	0	0	0	0	0	0	0	0	0	192	0	305	0	0	0	0	0	0	0	0	0	0	0	0	70	0	142	0	138	0	69	0	0	0	0	307	252	86	0	40	119	212	161	0	111	0	0	100	88	57	0	0	318	90	425	241	0	0	0	263	0	0	0	439	382	42	53	468	540	512	374	290	239	0	0	0	0	0	0	0	0	0	0	0	0	0	0	0	0	0	0	0	0	0	0	0	0	0	0	0	0	0	0	0	0	0	0	0	0	0	0	0	0	0	0	0	0	0	0	0	0	0	0	0	0	0	0	0	0	0	0	0	0	0	0	0	0	0	0	0	0	0	0	0	0	0	0	0	0	0	0	0	0	0	0	0	0	0	0	0	0	0	0	0	0	0	0	0	0	0	0	0	d__Eukaryota; p__Chordata; c__Mammalia; o__Rodentia; f__Cricetidae; g__Microtus; s__Microtus_agrestis
Myodes_glareolus	0	0	0	0	0	0	0	0	0	0	0	0	0	0	0	0	0	204	57	25	0	78	0	148	0	0	0	0	0	0	0	279	0	0	0	0	263	0	0	0	0	0	0	0	0	0	0	0	0	0	0	0	0	0	0	0	0	0	0	0	0	0	0	0	0	0	0	0	0	0	246	0	0	0	0	0	90	0	0	0	0	0	0	0	0	0	0	0	0	0	0	0	0	0	0	0	0	0	0	0	477	0	0	0	0	0	0	0	0	0	0	0	0	0	0	0	0	0	0	0	379	0	0	134	307	0	53	0	208	0	0	0	186	0	0	0	0	0	0	0	0	261	287	414	0	0	0	322	139	745	243	441	335	0	150	437	429	0	0	0	0	0	0	0	0	0	0	0	0	0	0	0	0	0	0	0	0	0	0	0	0	0	0	0	0	0	0	0	0	0	0	0	0	0	0	0	0	0	0	0	0	0	0	0	0	0	0	0	0	0	0	0	0	0	0	0	0	0	0	0	0	0	0	0	0	0	0	0	0	0	0	0	0	0	0	0	0	0	0	0	0	0	0	0	0	0	0	0	0	0	0	0	0	0	0	0	d__Eukaryota; p__Chordata; c__Mammalia; o__Rodentia; f__Cricetidae; g__Myodes; s__Myodes_glareolus
Micromys_minutus	0	0	0	0	0	0	0	0	0	0	0	0	0	0	0	0	0	0	0	0	0	0	0	0	0	0	0	0	0	0	0	0	0	0	0	0	0	0	0	0	0	0	0	0	0	0	0	0	0	0	0	0	0	0	0	0	0	0	0	0	0	0	0	0	0	0	0	0	0	0	0	0	0	0	0	0	0	0	0	0	0	0	0	0	0	0	0	0	0	0	0	0	0	0	0	0	0	0	0	0	0	0	0	0	0	0	0	0	0	0	0	0	0	0	0	0	0	0	0	0	0	0	0	0	0	0	0	0	0	0	0	0	0	0	0	0	0	0	0	0	0	0	0	0	0	0	0	41	0	100	0	0	0	0	0	0	0	0	0	0	0	0	0	0	0	0	0	0	0	0	0	0	0	0	0	0	0	0	0	0	0	0	0	0	0	0	0	0	0	0	0	0	0	0	0	0	0	0	0	0	0	0	0	0	0	0	0	0	0	0	0	0	0	0	0	0	0	0	0	0	0	0	0	0	0	0	0	0	0	0	0	0	0	0	0	0	0	0	0	0	0	0	0	0	0	0	0	0	0	0	0	0	0	0	0	0	d__Eukaryota; p__Chordata; c__Mammalia; o__Rodentia; f__Muridae; g__Micromys; s__Micromys_minutus
Rattus_norvegicus	267	96	94	276	337	264	74	294	554	324	0	0	175	131	32	106	329	521	242	71	278	247	279	1542	775	634	0	0	622	1072	0	1543	646	463	267	106	562	144	0	0	690	1100	41	390	309	42	180	146	163	47	0	0	590	489	60	184	186	326	60	0	29	78	0	0	0	0	0	1650	1403	425	1579	1132	715	1514	920	1108	1226	0	0	0	0	48	0	0	28	0	0	0	0	0	0	0	48	813	0	0	0	0	0	0	0	0	0	0	41	0	0	1121	1939	0	465	634	328	0	413	837	189	0	0	291	947	116	474	385	594	455	0	92	20	0	0	136	455	303	2442	573	1788	2976	1932	2141	1124	217	802	721	0	0	0	6087	2118	260	658	459	4008	989	893	1531	199	0	0	0	112	0	0	0	307	0	0	0	0	0	0	0	5985	0	0	0	0	0	0	0	0	0	0	0	0	0	0	0	0	0	0	0	0	0	0	0	0	0	0	0	0	0	0	0	0	0	0	0	0	0	0	0	0	0	0	0	0	0	0	0	0	0	0	0	0	0	0	0	0	0	0	0	0	0	0	0	0	0	0	0	0	0	0	0	0	0	0	0	0	0	0	0	0	0	0	0	d__Eukaryota; p__Chordata; c__Mammalia; o__Rodentia; f__Muridae; g__Rattus; s__Rattus_norvegicus
Sciurus_carolinensis	20	91	0	182	76	107	96	18	63	100	0	0	170	118	8	25	0	171	85	82	489	57	52	221	81	163	0	0	84	275	30	200	225	6	28	0	197	0	0	0	1220	1434	0	67	751	496	356	834	371	76	0	0	427	234	24	289	172	263	0	0	0	33	48	42	8	0	0	426	947	57	223	818	457	1038	277	54	70	0	0	170	219	221	130	218	0	77	42	0	0	0	0	119	240	244	167	0	0	0	0	0	0	0	0	0	0	0	0	3793	3108	191	600	684	0	337	0	109	0	0	0	1920	4741	0	179	941	221	556	238	75	295	0	0	865	0	0	529	744	1188	187	514	251	461	232	233	889	209	0	0	376	450	1518	291	4440	830	438	663	1256	249	0	0	121	188	0	0	0	51	178	0	0	0	0	0	0	0	0	0	0	0	0	0	0	0	0	0	0	0	0	0	0	0	0	0	0	0	0	0	0	0	0	0	0	0	0	0	0	0	0	0	0	0	0	0	0	0	0	0	0	0	0	0	0	0	0	0	0	0	0	0	0	0	0	0	0	0	0	0	0	0	0	0	0	0	0	0	0	0	0	0	0	0	0	0	0	0	0	0	0	d__Eukaryota; p__Chordata; c__Mammalia; o__Rodentia; f__Sciuridae; g__Sciurus; s__Sciurus_carolinensis
Anas	0	0	0	0	0	0	0	0	0	0	0	0	0	0	0	0	0	0	0	0	0	0	0	0	0	0	0	0	0	0	0	0	0	0	0	0	0	0	0	0	0	0	0	0	0	0	0	0	0	0	0	0	0	0	0	0	0	0	0	0	46	0	0	0	0	0	0	0	0	0	0	0	0	0	0	0	0	0	0	0	0	0	0	0	0	0	0	0	0	0	0	0	0	0	0	0	0	0	0	0	0	0	0	0	0	0	0	0	0	0	0	0	0	0	0	0	0	0	0	0	0	0	0	0	0	0	0	0	0	0	0	0	0	0	0	0	0	0	0	0	0	0	0	0	0	0	0	0	0	0	0	0	0	0	0	0	0	0	0	0	0	0	0	0	0	0	0	0	0	0	0	0	0	0	0	0	0	0	0	0	0	0	0	0	0	0	0	0	0	0	0	0	0	0	0	0	0	0	0	0	0	0	0	0	0	0	0	0	0	0	0	0	0	0	0	0	0	0	0	0	0	0	0	0	0	0	0	0	0	0	0	0	0	0	0	0	0	0	0	0	0	0	0	0	0	0	0	0	0	0	0	0	0	0	0	0	d__Eukaryota; p__Chordata; c__Aves; o__Anseriformes; f__Anatidae; g__Anas
Columba	0	28	0	0	38	0	0	0	0	177	0	0	288	49	16	0	0	0	97	143	172	92	0	149	138	153	0	0	121	0	0	189	127	112	0	235	254	0	0	0	820	723	47	601	61	340	258	0	0	0	0	0	786	1449	0	146	114	71	0	0	0	0	0	473	3154	0	0	0	250	162	348	0	494	781	468	146	0	0	0	197	152	0	203	37	0	0	121	741	627	0	0	151	0	0	0	668	1178	1237	164	206	970	355	3290	3787	7897	0	0	0	325	0	311	0	224	0	0	0	0	0	0	559	702	0	134	332	160	388	0	316	0	0	0	0	0	0	0	277	119	406	265	4	311	0	626	1482	11236	0	0	0	0	353	0	710	0	172	224	0	240	0	0	251	1132	0	603	1302	538	0	0	0	269	0	0	0	0	0	0	0	0	0	0	0	0	0	0	0	0	0	0	0	0	0	0	0	0	0	0	0	0	0	0	0	0	0	0	0	0	0	0	0	0	0	0	0	0	0	0	0	37	0	0	0	0	0	0	0	0	0	0	0	0	0	0	0	0	0	0	0	0	0	0	0	0	0	0	0	0	0	0	0	0	0	0	0	0	0	0	0	d__Eukaryota; p__Chordata; c__Aves; o__Columbiformes; f__Columbidae; g__Columba
Fringilla	6	0	0	33	0	0	0	44	0	0	0	0	0	0	19	0	0	0	0	0	0	0	0	0	0	0	0	0	0	0	0	0	0	0	0	0	0	0	0	0	0	0	0	0	0	157	0	0	0	0	0	0	0	229	0	0	0	0	0	0	0	0	0	0	0	0	0	0	243	0	0	0	0	0	0	0	0	0	0	0	0	0	0	0	0	0	0	0	0	0	0	0	259	0	0	0	0	0	0	0	0	0	0	0	0	0	0	0	325	0	0	0	0	0	0	0	0	0	0	211	474	125	0	0	0	0	0	105	0	0	0	0	135	0	0	0	0	0	0	0	0	0	0	0	0	0	0	0	0	0	0	0	0	0	168	0	0	0	0	0	0	0	0	0	0	0	0	0	0	0	0	0	0	0	0	0	0	0	0	0	0	0	0	0	0	0	0	0	0	0	0	0	0	0	0	0	0	0	0	0	0	0	0	0	0	0	82	0	0	0	0	0	0	0	0	0	0	0	0	0	0	0	0	0	0	0	0	0	0	0	0	0	0	0	0	0	0	0	0	0	0	0	0	0	0	0	0	0	0	0	0	0	0	0	0	0	d__Eukaryota; p__Chordata; c__Aves; o__Passeriformes; f__Fringillidae; g__Fringilla
Phylloscopus	0	0	0	0	0	0	0	0	0	0	0	0	0	0	0	0	0	0	0	0	0	0	0	0	0	0	0	0	0	0	0	0	0	0	0	0	0	0	0	0	228	0	0	0	0	0	0	0	0	87	0	0	0	0	0	0	0	0	0	0	0	0	0	0	0	0	0	0	0	0	435	0	0	305	0	0	0	0	0	0	0	176	0	0	0	0	0	0	0	0	0	0	218	0	0	0	0	0	0	0	0	0	0	336	0	0	0	0	0	0	0	0	0	0	0	0	0	0	0	0	0	0	0	0	0	0	0	0	0	0	0	0	0	0	0	0	0	0	0	0	0	0	0	0	0	0	0	0	0	0	0	0	0	0	0	0	0	0	0	0	0	0	0	0	0	0	0	0	0	0	0	0	0	0	0	0	6022	0	0	0	0	0	0	0	0	0	0	0	0	0	0	29	0	0	0	0	0	0	0	0	0	0	0	1381	9754	1684	8842	1861	10638	368	0	9	0	21	4456	2591	0	0	0	682	1884	18	0	0	0	0	0	0	0	0	0	0	0	0	0	0	0	0	0	0	0	0	0	0	0	0	0	0	0	0	0	0	0	0	0	0	d__Eukaryota; p__Chordata; c__Aves; o__Passeriformes; f__Phylloscopidae; g__Phylloscopus
Regulus	0	0	0	0	0	0	0	0	0	0	0	0	0	0	0	0	0	0	0	0	0	0	0	0	0	0	0	0	0	0	0	0	0	0	0	0	0	0	0	0	0	0	0	0	0	0	143	0	0	0	0	0	0	0	0	74	82	0	0	0	0	0	0	0	0	0	0	0	0	0	0	0	0	0	0	0	0	0	0	0	0	0	0	0	0	0	0	0	0	0	0	0	0	0	522	0	0	0	0	0	0	0	0	0	0	0	0	0	0	0	0	0	0	0	0	0	0	0	0	0	0	0	0	0	0	0	0	0	0	0	0	0	0	0	0	0	0	0	0	0	0	0	0	0	0	0	0	0	0	0	0	0	0	0	0	0	0	0	0	0	0	0	0	0	0	0	0	0	0	0	0	0	0	0	0	0	0	0	0	0	0	0	0	0	0	0	0	0	0	0	0	0	0	0	0	0	0	0	0	0	0	0	0	0	0	0	0	0	0	0	0	0	0	0	0	0	0	0	0	0	0	0	0	0	0	0	0	0	0	0	0	0	0	0	0	0	0	0	0	0	0	0	0	0	0	0	0	0	0	0	0	0	0	0	0	0	d__Eukaryota; p__Chordata; c__Aves; o__Passeriformes; f__Regulidae; g__Regulus
Turdus	57	118	0	90	0	0	266	35	0	0	0	0	0	137	6	87	0	134	0	32	253	131	0	178	167	145	0	0	220	0	0	0	0	0	0	0	0	123	0	0	0	81	0	139	0	0	0	137	0	0	0	0	518	828	0	0	127	181	0	212	0	62	48	329	27	0	0	0	316	0	383	0	0	0	179	95	0	0	0	0	0	0	0	0	0	0	0	0	0	0	0	114	0	0	0	0	0	0	0	0	0	0	0	0	97	0	0	6	241	0	0	3	0	0	0	0	0	0	0	0	0	98	267	202	0	0	0	235	514	0	0	1014	625	158	616	427	0	0	0	637	0	934	1698	3144	323	0	0	174	147	198	182	1568	0	275	311	298	604	0	0	0	148	0	0	0	0	4	4	0	0	0	0	0	0	0	0	0	0	0	0	0	0	1759	0	0	0	0	0	0	0	0	0	0	0	0	0	160	0	0	0	0	0	0	0	0	0	0	0	0	0	0	0	0	0	0	0	0	0	0	0	0	0	0	0	0	0	0	0	0	0	0	0	0	0	0	0	0	0	0	0	0	0	0	0	0	0	0	0	0	0	0	0	0	0	0	0	0	d__Eukaryota; p__Chordata; c__Aves; o__Passeriformes; f__Turdidae; g__Turdus
Myotis	0	0	0	0	0	0	0	0	0	0	0	0	0	0	0	0	0	0	0	0	0	0	0	0	0	0	0	0	0	0	0	0	0	0	0	0	0	0	0	0	0	0	0	0	0	0	0	53	0	0	0	0	0	0	0	0	0	0	0	0	0	0	0	0	0	0	0	0	0	0	0	0	0	0	0	0	0	0	0	0	0	0	0	0	0	0	0	0	0	0	0	0	0	0	0	0	0	0	0	0	0	0	0	0	0	0	0	0	0	0	0	0	0	0	0	0	0	0	0	0	0	0	0	0	0	0	0	0	0	0	0	0	0	0	0	0	0	0	0	0	0	0	0	0	0	0	0	0	0	0	0	0	0	0	0	0	0	0	0	0	0	0	0	0	0	0	0	0	0	0	0	0	0	0	0	0	0	0	0	0	0	0	0	0	0	0	0	0	0	0	0	0	0	0	0	0	0	0	0	0	0	0	0	0	0	0	0	0	0	0	0	0	0	0	0	0	0	0	0	0	0	0	0	0	0	0	0	0	0	0	0	0	0	0	0	0	0	0	0	0	0	0	0	0	0	0	0	0	0	0	0	0	0	0	0	0	d__Eukaryota; p__Chordata; c__Mammalia; o__Chiroptera; f__Vespertilionidae; g__Myotis
Apodemus	0	0	0	0	0	31	19	0	31	0	0	0	49	0	16	4	0	126	0	35	43	35	0	85	70	525	0	0	79	94	0	378	148	58	0	20	0	64	0	0	0	63	0	77	0	0	0	0	0	0	0	0	0	76	7	23	0	0	0	0	0	21	0	0	0	0	0	0	154	0	206	0	0	0	0	37	14	0	0	0	0	0	0	0	0	0	0	0	0	0	0	0	0	0	0	0	0	0	0	0	0	0	114	0	0	0	0	0	104	0	0	0	0	0	9	0	0	0	0	381	825	51	109	105	281	406	131	227	327	0	0	0	165	169	266	0	0	0	79	279	0	0	0	0	45	0	0	0	39	0	0	0	0	106	0	180	75	0	0	0	0	0	0	0	0	0	0	0	0	0	0	0	0	0	0	0	0	0	0	0	0	0	0	0	0	0	0	0	0	0	0	0	0	0	0	0	0	0	0	0	0	0	0	0	0	0	0	0	0	0	0	0	0	0	0	0	0	0	0	0	0	0	0	0	0	0	0	0	0	0	0	0	0	0	0	0	0	0	0	0	0	0	0	0	0	0	0	0	0	0	0	0	0	0	0	0	d__Eukaryota; p__Chordata; c__Mammalia; o__Rodentia; f__Muridae; g__Apodemus
Percidae	0	0	0	0	0	0	0	0	0	0	4	6	3	4	0	0	0	0	0	0	4	5	0	0	0	0	5	3	0	0	0	0	0	0	0	0	0	0	0	0	0	0	0	0	0	0	0	0	0	0	0	0	0	0	0	0	0	0	0	0	0	0	0	0	0	0	0	0	0	0	0	0	0	0	0	0	0	0	0	0	0	0	0	0	0	0	0	0	0	0	0	0	0	0	0	0	0	0	0	6	0	0	0	0	0	0	3	0	0	0	0	0	0	0	0	0	0	3	0	0	0	0	0	0	0	0	0	0	0	0	0	0	0	0	0	0	0	0	0	0	0	0	0	0	0	0	0	0	0	0	0	0	0	0	0	0	0	0	0	0	0	0	0	0	0	0	0	0	0	0	162	0	0	0	0	0	0	0	0	0	0	0	0	0	0	0	0	0	0	0	0	0	0	0	0	0	0	0	0	0	0	0	0	0	0	0	0	0	0	0	0	0	0	0	0	0	0	0	0	0	0	0	5	0	0	5	0	0	0	0	0	0	0	0	0	0	0	0	0	0	0	0	0	0	0	0	0	0	0	0	0	0	0	0	0	0	d__Eukaryota; p__Chordata; c__Actinopteri; o__Perciformes; f__Percidae
Anatidae	189	205	217	149	575	324	324	240	833	990	0	0	988	418	95	349	1274	1258	921	539	1101	661	1865	1723	960	383	0	0	899	967	2754	1440	2243	541	458	677	1259	884	0	0	2201	1848	124	262	1612	571	606	0	603	80	0	0	1412	0	150	479	334	200	307	1092	303	423	148	1077	272	0	0	486	673	0	698	1050	75	496	0	212	114	0	0	0	0	1868	190	608	926	659	531	1113	428	0	0	1013	749	2141	2396	466	1333	794	190	665	3305	0	517	490	0	0	0	0	127	1540	0	2721	1375	961	1594	159	579	0	0	5708	5004	5343	2628	4207	3837	3947	4850	2099	3596	0	0	6559	3768	8376	11714	5969	8113	9548	8308	4313	3996	6977	4147	5433	1990	0	0	5816	5731	6033	5140	14163	21267	4565	5708	10636	6859	0	0	5393	3968	269	3374	563	480	271	308	238	0	0	0	0	0	0	0	0	0	0	0	0	0	256	0	0	4	0	0	0	0	0	0	0	3482	0	0	0	0	0	0	0	0	0	0	0	0	0	5	4	0	0	0	0	0	0	0	0	0	0	0	0	0	0	0	0	0	0	0	3	0	0	0	0	0	0	0	0	0	0	0	0	0	0	0	0	0	0	0	4	0	0	0	0	0	0	0	0	d__Eukaryota; p__Chordata; c__Aves; o__Anseriformes; f__Anatidae
Phasianidae	170	185	0	0	0	56	0	0	0	46	0	0	0	0	0	0	0	0	122	82	173	14	0	148	84	0	0	0	0	0	0	0	0	0	0	0	0	0	0	0	0	0	44	0	0	0	0	0	0	0	0	0	0	0	0	0	0	0	0	0	0	0	0	0	0	0	0	0	0	0	0	0	0	0	0	0	0	0	0	0	0	0	0	0	0	0	0	0	0	0	0	0	0	0	0	0	0	0	74	0	0	0	0	0	0	0	0	0	0	0	0	0	0	0	0	0	0	0	0	0	0	0	0	0	0	0	0	0	0	0	0	0	0	0	0	0	325	0	149	0	0	0	329	0	0	0	0	84	573	342	83	1114	241	523	1369	1283	592	0	0	0	0	0	0	0	0	0	0	0	0	0	0	0	0	0	0	9897	0	0	0	0	0	8	0	0	34	0	0	0	0	0	1204	0	0	0	0	0	0	0	0	0	0	0	0	0	0	0	102	1988	360	0	0	523	0	0	0	846	0	0	0	0	0	0	0	0	1130	0	0	0	0	0	0	0	0	0	0	0	0	0	0	0	0	0	0	0	0	0	0	0	0	0	0	0	0	0	0	0	d__Eukaryota; p__Chordata; c__Aves; o__Galliformes; f__Phasianidae
Corvidae	0	0	0	0	0	0	0	0	0	0	0	0	0	0	0	0	3	0	32	0	0	0	0	0	0	36	0	0	0	0	0	0	0	0	0	0	0	0	0	0	212	0	0	0	0	0	0	0	0	48	0	0	0	478	0	11	0	0	0	0	0	0	0	0	0	0	0	0	0	0	0	0	205	0	0	0	0	0	0	0	0	0	0	0	0	0	0	0	0	0	0	0	0	0	0	0	0	0	0	0	0	0	0	0	0	0	0	0	0	0	0	0	0	0	0	0	0	0	0	0	324	0	0	0	0	0	0	0	0	0	0	0	0	0	1802	0	0	0	0	267	0	0	0	0	1468	0	0	0	0	0	0	0	462	0	0	0	244	0	0	0	0	0	0	0	0	0	0	0	0	0	0	0	0	0	0	0	0	0	0	0	0	0	0	0	0	0	0	0	0	0	0	0	0	0	0	0	0	0	0	0	0	0	0	0	0	0	0	0	0	0	0	0	0	0	0	0	0	0	0	0	0	0	0	0	0	0	0	0	0	0	0	0	0	0	0	0	0	0	0	0	0	0	0	0	0	0	0	0	0	0	0	0	0	0	0	0	d__Eukaryota; p__Chordata; c__Aves; o__Passeriformes; f__Corvidae
Fringillidae	0	0	0	0	0	0	0	0	0	0	0	0	0	0	0	0	0	0	0	0	0	0	0	0	0	0	0	0	0	0	0	0	0	0	0	0	0	0	0	0	0	0	0	0	0	0	0	0	0	0	0	0	0	0	0	0	0	0	0	0	0	0	0	0	0	0	0	0	0	0	0	0	0	0	0	0	0	0	0	0	0	0	0	0	0	0	0	0	0	0	0	0	0	0	0	0	0	0	0	0	0	0	0	0	0	0	0	0	0	0	0	0	0	0	0	0	0	0	0	0	312	0	0	0	0	0	0	0	0	0	0	0	0	0	0	0	0	0	0	0	0	0	0	0	0	0	0	0	0	0	0	0	0	0	0	192	0	0	0	0	0	0	0	368	0	0	0	0	0	0	0	0	0	0	0	0	0	0	0	0	0	0	0	0	0	0	0	0	0	0	0	0	0	263	0	0	0	0	0	0	0	0	0	0	0	0	0	0	135	0	0	155	0	0	6550	0	0	1033	0	0	0	0	0	0	0	0	0	0	0	0	0	0	0	0	0	0	0	0	0	0	0	0	0	0	0	0	0	0	0	0	0	0	0	0	0	0	d__Eukaryota; p__Chordata; c__Aves; o__Passeriformes; f__Fringillidae
Muscicapidae	0	0	0	0	0	0	0	0	0	0	0	0	0	0	0	0	0	0	0	0	0	0	0	0	0	0	0	0	0	0	0	0	0	0	0	0	0	0	0	0	0	0	0	0	0	0	0	0	0	0	0	0	0	0	0	0	0	0	0	0	0	0	0	0	0	0	0	0	0	0	0	0	0	0	0	0	0	0	0	0	0	0	0	0	0	0	0	0	0	0	0	0	0	0	0	0	0	0	0	0	0	0	0	0	0	0	0	0	0	0	0	0	0	0	0	0	0	0	0	0	0	0	0	0	0	0	0	0	0	0	0	0	0	0	0	0	0	0	0	0	0	0	0	0	0	0	0	0	0	0	0	0	0	0	0	0	0	0	0	0	0	0	0	0	0	0	0	0	0	0	0	0	0	0	0	0	0	0	0	0	0	0	0	0	0	0	0	0	0	0	0	0	0	0	0	0	0	0	0	0	0	0	0	0	0	0	0	0	0	0	0	0	0	0	0	0	1789	0	0	0	0	0	0	0	0	0	0	0	0	0	0	0	0	0	0	0	0	0	0	0	0	0	0	0	0	0	0	0	0	0	0	0	0	0	0	0	d__Eukaryota; p__Chordata; c__Aves; o__Passeriformes; f__Muscicapidae
Passeriformes	0	10	0	141	117	0	0	0	45	0	0	0	0	0	0	42	0	0	0	0	0	4	0	0	37	0	0	0	0	605	0	0	0	0	0	57	0	0	0	0	0	364	0	120	361	0	0	0	0	0	0	0	0	0	0	68	0	0	67	0	0	0	0	0	0	0	0	213	0	0	0	216	0	0	0	77	131	0	0	0	0	76	0	0	0	0	0	0	0	0	0	0	0	0	0	0	0	0	0	209	0	0	0	834	0	0	0	0	0	0	0	0	0	0	0	0	0	0	0	153	0	0	0	0	0	0	0	0	0	0	0	246	0	0	0	0	0	0	0	0	0	0	0	345	0	0	0	0	0	0	0	0	0	175	152	0	0	0	0	0	156	0	0	0	0	0	0	0	0	0	0	2160	0	0	6	0	0	0	0	0	0	0	0	0	0	0	0	0	0	0	0	0	0	0	0	0	0	0	0	0	0	0	0	0	0	0	164	461	698	0	0	0	0	0	436	0	582	0	0	0	0	0	0	0	0	0	0	0	0	0	0	0	0	0	0	0	0	0	0	0	0	0	0	0	0	0	0	0	0	0	0	0	0	0	0	0	d__Eukaryota; p__Chordata; c__Aves; o__Passeriformes
unassigned	685	1351	995	2377	4715	4115	1165	2680	752	2286	669	0	2104	4152	661	1112	2139	4353	1615	1233	2427	2970	7093	5136	3226	2719	0	95	1652	3640	1499	1618	2993	1414	259	1095	1583	818	131	578	939	2580	2512	682	3989	2071	1811	997	1231	779	0	786	6049	6001	106	1162	641	4309	763	2365	2094	1166	1482	2514	1429	801	0	1810	2992	1219	3733	5981	2048	2323	3102	496	902	138	0	1910	4813	1940	1654	4759	2939	1324	1617	3817	2002	0	0	1283	929	4278	3982	5250	6048	9532	2656	2821	7023	4015	6757	3897	1716	1030	190	1932	3619	561	2718	7296	5678	3490	3548	2026	1598	681	1124	11	3250	33	306	273	439	11	383	221	194	24	0	2685	2856	1925	5707	1463	3639	2055	2350	3294	2904	8781	6344	3244	1256	341	0	1589	1554	1423	422	10094	8959	1113	1074	1353	2086	0	30	1377	808	835	2930	1706	1413	2230	5298	3326	4261	0	0	1596	0	0	0	0	1262	177	2271	22	0	622	0	0	6	824	7512	0	5078	0	6197	0	9524	1980	0	3218	9	10289	0	0	0	0	190	1132	9883	5404	1674	4838	14438	4165	637	1224	2886	432	2760	5465	1090	47	3901	3742	1866	720	973	995	127	2086	326	1923	4	7147	0	1423	0	1519	0	13	0	221	0	617	0	0	789	0	2572	0	0	3	0	0	22	13	29	0	22	432	u__unassigned