"","Anguilla_anguilla","Astatotilapia_calliptera","Cobitis_taenia","Cyprinus_carpio","Pimephales_promelas","Tinca_tinca","Cottus_gobio","Gasterosteus_aculeatus","Oncorhynchus_mykiss","Salmo_trutta","Bufo_bufo","Rana_temporaria","Lissotriton_helveticus","Lissotriton_vulgaris","Accipiter_gentilis","Buteo_buteo","Aix_galericulata","Anas_carolinensis","Gallinago_gallinago","Scolopax_rusticola","Columba_livia","Columba_oenas","Alcedo_atthis","Alectoris_rufa","Perdix_perdix","Phasianus_colchicus","Gallinula_chloropus","Aegithalos_caudatus","Troglodytes_troglodytes","Garrulus_glandarius","Pica_pica","Plectrophenax_nivalis","Muscicapa_striata","Parus_major","Sitta_europaea","Erithacus_rubecula","Turdus_philomelos","Ardea_cinerea","Dendrocopos_major","Phalacrocorax_carbo","Lampetra_fluviatilis","Bos_taurus","Ovis_aries","Capreolus_capreolus","Cervus_elaphus","Dama_dama","Canis_lupus","Vulpes_vulpes","Lutra_lutra","Meles_meles","Mustela_erminea","Pipistrellus_pipistrellus","Plecotus_austriacus","Neomys_fodiens","Sorex_araneus","Sorex_minutus","Talpa_europaea","Oryctolagus_cuniculus","Equus_caballus","Homo_sapiens","Castor_fiber","Microtus_agrestis","Myodes_glareolus","Rattus_norvegicus","Sciurus_carolinensis","Anas","Columba","Fringilla","Phylloscopus","Regulus","Turdus","Apodemus","Anatidae","Phasianidae","Corvidae","Fringillidae","Passeriformes"
"CROP_0101",0,0,0,0,0,0.0169891849334936,0,0.0128869183276012,0,0.0246964737082004,0,0.0137570960924875,0,0,0,0,0,0.00124311109269465,0,0,0,0,0,0,0,0.0664650064227406,0,0,0,0,0,0,0,0,0,0,0,0,0,0,0,0.0117266813077529,0,0,0,0,0.011768118344176,0,0,0,0,0,0,0,0,0,0,0,0,0.812165913893838,0,0,0,0.0110636887249824,0,0,0,0,0,0,0.00236191107611984,0,0.0078315998839763,0.00704429619193635,0,0,0
"CROP_0102",0,0,0,0,0,0.00304621427712534,0,0.00276564190949537,0,0.0135075554130426,0,0.0197202292677061,0,0,0,0,0,0,0,0,0,0,0,0,0,0.0715860355124454,0,0,0,0,0,0,0,0,0,0,0,0,0,0,0,0.00821676219487755,0.00164335243897551,0,0.00256523307547397,0,0.00889815223055032,0,0,0,0,0,0,0.00196400657340976,0,0,0,0,0,0.837107699707403,0,0,0,0.00384784961321095,0.00364744077918955,0,0.00112228947051986,0,0,0,0.00472964848290513,0,0.00821676219487755,0.00741512685879194,0,0,0
"CROP_0103",0,0,0,0,0,0.0344309126447151,0,0.674033979852654,0,0.104796271237408,0,0,0,0,0,0,0,0,0,0,0,0,0.0099233198015336,0,0,0.0887084648924974,0.00195459329424147,0,0,0,0,0,0,0,0,0,0,0,0,0,0,0.0175913396481732,0,0.0013531799729364,0,0,0,0,0,0,0,0,0,0,0.00466095324011427,0,0,0,0,0,0.015787099684258,0,0,0.0141332130506691,0,0,0,0,0,0,0,0,0.0326266726807999,0,0,0,0
"CROP_0104",0,0,0,0.00286853183325262,0,0,0.0100584882464702,0.0825168572812279,0,0.0369928845509071,0,0.034273367358343,0,0,0,0,0,0.0028312781730805,0,0,0,0,0,0,0,0.135007264463734,0,0,0,0,0,0,0,0,0,0,0,0,0,0,0.00189993666877771,0.00517825876392356,0,0,0.00115486346533547,0,0.00435867824013709,0,0,0,0,0,0,0,0,0.0012666244458518,0,0,0,0.634988637633648,0.0141563908654025,0,0,0.0102820102075029,0.00678016615132437,0,0,0.00122937078567969,0,0,0.00335282941549007,0,0.00555079536564467,0,0,0,0.00525276608426778
"CROP_0105",0,0,0,0,0,0.00712305694936664,0.0164567177795712,0.113232043229587,0,0.0336853924699112,0,0.0700024562265343,0.00122811326713218,0,0,0,0,0.00245622653426436,0,0,0,0,0,0,0,0.124916663742587,0,0,0.00414049615775992,0,0,0,0,0,0,0,0,0,0,0,0,0.00894768237482017,0.00168426962349556,0,0.00133338011860065,0,0,0,0,0,0,0,0,0,0,0,0,0,0.00252640443524334,0.553458016070739,0.0187024106108986,0,0,0.0118249763149584,0.00266676023720131,0,0.00133338011860065,0,0,0,0,0,0.0201761465314572,0,0,0,0.00410540720727043
"CROP_0106",0,0,0,0,0,0.0222954873274263,0.0303729651761797,0.0978776014836184,0,0.0381619616731918,0,0.060828353595714,0,0,0,0,0,0.00638780135998352,0,0,0,0,0,0,0,0.185823202143004,0,0,0.00296723676076654,0,0,0,0,0,0,0.00333814135586235,0,0,0,0,0.00391510405934473,0.00663507109004739,0,0,0.00428600865444055,0,0,0,0,0,0,0,0,0.00288481351741191,0,0,0,0,0,0.45353389655883,0.0466927673603956,0.00177209973212446,0,0.0108798681228106,0.00440964351947249,0,0,0,0,0,0,0.0012775602719967,0.0133525654234494,0.00230785081392953,0,0,0
"CROP_0107",0,0,0,0,0,0.00913503803080686,0.00947903527882888,0.157512517677636,0,0.107212475633528,0,0.0310744180713221,0,0,0,0,0,0,0,0,0,0,0,0,0,0.200550395596835,0.0016435424072163,0,0,0,0,0,0,0,0,0,0,0,0,0,0,0,0,0,0.0028666437335168,0,0,0,0,0,0,0,0,0,0,0,0,0,0,0.410350494973818,0.0411267820968543,0,0,0.00282842181706991,0.0036693039789015,0,0,0,0,0,0.0101670297748729,0,0.0123839009287926,0,0,0,0
"CROP_0108",0,0,0,0,0,0.0122107969151671,0.0190793701799486,0.194127570694087,0,0.0357085475578406,0,0.0115279562982005,0,0,0,0,0,0.00329370179948586,0,0,0,0,0,0,0,0.248714652956298,0,0,0,0,0,0,0,0,0,0,0,0,0,0,0,0,0.00112467866323907,0,0,0,0,0,0,0,0,0,0,0.00136568123393316,0,0,0,0,0,0.387491966580977,0.06073264781491,0,0,0.0118091259640103,0,0,0,0.00176735218508997,0,0,0.00140584832904884,0,0.0096401028277635,0,0,0,0
"CROP_0109",0,0,0,0,0,0.0132267511642422,0.013826875990206,0.149143021748524,0,0.0319746507273513,0,0.01591531038456,0,0,0,0,0,0.00271256421335638,0,0,0,0,0,0,0,0.212012098516491,0,0,0,0,0,0,0,0,0,0,0,0,0,0,0,0.00573719333621393,0,0,0.0124345863939699,0,0,0,0,0,0,0,0,0,0,0,0,0,0,0.445676700753757,0.0602765375198041,0.00117624465888905,0,0.0132987661433578,0.00151231456142878,0,0,0,0,0,0,0,0.0199961592011138,0,0,0,0.00108022468673484
"CROP_0110",0,0,0,0,0,0.010073875083949,0.0205238415043653,0.153740765614506,0,0.0437340496977837,0,0.00330423102753526,0,0,0,0,0,0,0,0,0,0,0,0,0,0.211094694425789,0,0,0,0,0,0,0,0,0,0,0,0,0,0,0.00521155137676293,0.00687709872397582,0,0.00115513767629281,0,0,0,0,0,0,0,0,0,0,0,0,0,0,0,0.410584284754869,0.087494963062458,0.00222968435191404,0,0.0087038280725319,0.00268636668905306,0,0.00475486903962391,0,0,0,0,0,0.0265950302216253,0.00123572867696441,0,0,0
"CROP_0201",0,0,0,0,0,0.0375263119692241,0.0106941520892308,0.0943601654932133,0,0.0406958457332269,0,0.0104522029469406,0.00614550821417338,0,0,0,0,0.00205656770946747,0,0,0.00464542353197358,0,0,0,0,0.225617575185696,0,0,0,0,0,0,0,0,0,0,0,0,0,0,0.00159686433911592,0.00863758437976337,0.00142749993951271,0,0,0,0,0,0.00902470300742784,0,0,0,0,0,0,0,0.00116135588299339,0,0,0.50211705499504,0.00343567782052213,0,0,0.00423410999008009,0.00411313541893494,0,0.00696813529796037,0,0,0,0,0.00118555079722242,0.0239045752582807,0,0,0,0
"CROP_0202",0,0,0,0,0,0.0173960875992712,0.00928249733557947,0.0404991920789356,0.00185649946711589,0.0349984529171107,0,0,0.00199401794616152,0,0,0,0,0.00158146250902465,0,0.00161584212878606,0.00491628562588098,0,0,0,0.00247533262282119,0.190394334238663,0.00151270326950184,0,0,0,0,0,0,0,0,0,0,0,0,0,0,0,0.001272045931172,0,0.00471000790731254,0,0,0,0,0,0,0,0,0,0,0,0,0,0,0.656169422766184,0,0,0,0.00450373018874411,0.00405679513184584,0,0.00168460136830887,0,0,0,0.00471000790731254,0,0.0143706810602675,0,0,0,0
"CROP_0203",0,0,0,0.00409566668352126,0,0.0842392678363756,0,0.486246650149163,0,0.0125398189816453,0,0.0282398746018102,0.0365323355412853,0,0,0,0,0,0,0,0,0,0,0,0,0.30353440865652,0,0,0,0,0,0,0,0,0,0,0,0,0,0,0,0,0.00164332305203014,0,0,0,0,0,0.0194923395863882,0,0,0,0,0,0,0,0,0,0,0,0.0210345350659857,0,0,0,0,0,0,0,0,0,0,0,0.00240177984527481,0,0,0,0
"CROP_0204",0,0,0,0.00315377822631513,0,0.032736217989151,0.015642740002523,0.169988646398385,0,0.0179765358899962,0,0.0127412640343131,0.00662293427526176,0,0,0,0,0,0,0.00334300491989403,0,0,0,0,0,0.267440393591523,0,0,0,0,0,0,0,0,0,0,0,0,0,0,0.00151381354863126,0,0,0,0,0,0,0,0.00151381354863126,0,0,0,0,0,0,0,0,0,0,0.420714015390438,0.00668600983978807,0.00151381354863126,0,0.00668600983978807,0.00157688911315756,0,0,0,0,0,0.00548757411378832,0,0.0220133720196796,0,0,0,0.00264917371010471
"CROP_0205",0,0,0,0,0,0.0363629561736593,0.0122706271861731,0.0699949495894203,0,0.060399169488038,0,0,0.00602308224687155,0,0,0,0,0,0,0,0,0,0,0,0,0.27058977572436,0.00432090682927742,0,0.00430220160490825,0,0,0,0,0,0,0,0,0,0,0,0.00142159705205664,0.0126821421222948,0,0,0.00802454125437235,0,0.00574250388133406,0,0.00390939189315576,0,0,0,0,0,0,0,0,0,0,0.456912515665625,0.014851948149118,0.00220721647556162,0,0.00615401881745572,0,0,0,0,0,0,0,0,0.0238304558463179,0,0,0,0
"CROP_0206",0,0,0,0,0,0.043960631311915,0.0126519274922531,0.121622272530225,0,0.0512338840454057,0,0.00775492509994702,0.0100027294767433,0,0,0,0,0.00561951094199059,0,0.00438321853475266,0,0,0,0,0,0.172229982499237,0,0,0,0,0,0,0,0,0,0,0,0,0,0,0.00600484883515566,0.0146910071769183,0.00481672366456336,0.00276158823434966,0.00173402051924281,0,0,0,0,0,0,0,0,0.00187852222917971,0,0,0,0,0,0.475330346964661,0.00847743364963152,0.0160878570396416,0.00327537209190309,0.00836504343079171,0.00274553248880112,0,0,0,0,0,0.00215146990350497,0.00202302393911661,0.020198127900069,0,0,0,0
"CROP_0207",0,0,0,0,0,0.0364752047615285,0.0111137446999026,0.257564983803429,0,0.0534618524663559,0,0.0106133628295278,0.00481946748834637,0,0,0,0,0,0,0.00129045850780859,0,0,0,0,0,0.218587869690027,0,0,0,0,0,0,0,0,0,0,0,0,0,0,0,0.00866450712385768,0.00126412261989413,0.00118511495615075,0,0,0,0,0,0,0,0,0,0,0,0,0,0,0,0.330094019119855,0.023649627347186,0.0010797714044929,0.00150114561112428,0.00637328487529957,0.00223855047272919,0,0.00255458112770272,0,0,0,0,0,0.0242553527692186,0.00321297832556425,0,0,0
"CROP_0208",0,0,0,0,0,0.0250729998053339,0.0139380961650769,0.103017325287133,0,0.0469534747907339,0,0,0.0113685030173253,0,0,0,0,0,0,0,0.00140159626240997,0,0,0,0,0.275218999416002,0,0,0,0,0,0,0,0,0,0.00159626240996691,0,0,0,0,0,0.00638504963986763,0,0.00124586334436442,0.00307572513139965,0,0.00214132762312634,0,0.00233599377068328,0,0,0,0,0,0,0,0,0,0,0.459100642398287,0.00751411329569788,0.00132372980338719,0,0.00276425929530855,0.00319252481993381,0,0.00556745182012848,0,0,0,0.00124586334436442,0.00136266303289858,0.0209850107066381,0.00319252481993381,0,0,0
"CROP_0209",0,0,0,0,0,0.0393564641757373,0.0331977538821282,0.218683616842591,0,0.053287664465559,0,0.00805243137319479,0.00884285408467403,0,0,0,0,0,0,0,0,0,0,0,0,0.236319923592471,0.00141617402473364,0,0,0,0,0,0,0,0,0,0,0,0,0,0.00130090404597625,0.0100120210120704,0,0,0.00113623264775141,0,0,0,0.00335929652378678,0,0,0,0,0,0,0,0,0,0,0.309071747328207,0.0353549491988737,0,0,0.00457786487065062,0.00805243137319479,0,0.00283234804946729,0,0,0,0.00416618637508851,0,0.0181303209445551,0.00284881518928977,0,0,0
"CROP_0210",0,0,0,0,0,0.0594319775596073,0.0150520937687838,0.146764175515929,0,0.0399969945902625,0.0037818072530555,0.0133991184131437,0.00718793828892006,0,0,0,0,0,0,0,0,0,0,0,0,0.206396513724704,0,0.00288018433179724,0,0,0,0,0,0,0,0,0,0,0,0,0,0.0160789420957724,0.00255459827689842,0,0.00232919254658385,0,0,0,0.00691244239631336,0,0,0,0,0,0,0,0,0,0,0.428821879382889,0.0145511921458626,0.00215387697856141,0.00195351632939291,0.00618613504307754,0.00142756962532559,0,0.00230414746543779,0,0,0,0.00328090563013424,0,0.0165547986375476,0,0,0,0
"CROP_0211",0,0,0,0,0,0.0246969998013113,0.0260480826544804,0.250268229684085,0,0.0748261474269819,0,0.0170872243194914,0.00900059606596463,0,0,0,0,0,0,0,0.00458970792767733,0,0,0.00367574011523942,0,0.283290284124776,0,0,0,0,0,0,0,0,0,0,0,0,0,0,0.00399364196304391,0.0144247963441287,0.00343731372938605,0,0.0318497913769124,0,0.00248360818597258,0,0.00947744883767137,0,0,0,0,0,0,0,0,0,0,0.176058017087224,0.0197695211603417,0.00242400158950924,0,0.0055434134710908,0,0,0,0,0,0,0,0,0.0370554341347109,0,0,0,0
"CROP_0212",0,0,0,0,0,0.0447423865159931,0.0649109366021835,0.229400497988891,0,0.0467726489178318,0,0.0181191342654664,0.0135989274085424,0,0,0,0,0,0,0.00365830300708677,0.00164719402413331,0,0,0,0,0.348649683968588,0.00875311243056886,0,0,0.0017812679563302,0,0,0,0,0,0,0,0,0,0,0.00317946753495499,0.00702930473089446,0.0402604864968397,0.00450105343803869,0.00553533805784332,0,0.0026431718061674,0,0.00894464661942157,0,0,0,0,0,0,0,0,0,0,0,0.0623252250526719,0.00321777437272553,0.00283470599502011,0.0295345719210879,0.0042329055736449,0,0.00285385941390538,0,0,0,0.00340930856157824,0.00162804060524804,0.033001340739322,0.00283470599502011,0,0,0
"CROP_0213",0,0,0,0,0,0.034072249589491,0.0920224411603722,0.169574438970991,0,0.0934934318555008,0,0.0291461412151067,0.0351669403393541,0,0,0,0,0,0,0,0.00533661740558292,0,0,0,0,0.373186918445539,0.00246305418719212,0,0,0,0,0,0,0,0,0,0,0,0,0,0.0051655719759168,0.00667077175697865,0.00437876299945265,0,0,0,0.00153940886699507,0,0.01772030651341,0,0,0,0,0.00236042692939245,0,0,0.00324986316365627,0,0,0,0.0453612479474548,0,0,0.0265120415982485,0.00277093596059113,0,0.00472085385878489,0,0,0,0.00571291735084839,0.00239463601532567,0.0328407224958949,0.0028735632183908,0,0,0.00126573617952928
"CROP_0214",0,0,0,0,0,0.0270433905146317,0.0544904137235116,0.0902983998846764,0,0.0511460285425977,0,0.0407380712123396,0.0109269136514343,0,0,0,0,0,0,0,0.00129739080294075,0,0,0.0819374369323915,0,0.484186247657489,0,0,0,0,0,0,0,0,0,0,0,0,0,0,0,0.0180193167075105,0.0113593772524146,0,0,0,0.00322906155398587,0,0.0067176012685599,0.0015568689635289,0,0,0,0,0,0,0,0.00115323626928067,0,0,0.0563644226610927,0.00178751621738504,0,0.0182787948680986,0.00469943779731873,0,0.00441112872999856,0,0,0,0.00418048147614242,0.0151362260343088,0.0110422372783624,0,0,0,0
"CROP_0301",0,0,0,0.00699402430563327,0,0.0189789843557664,0.168617533179651,0.0924330252232493,0,0.088840894339876,0.0917504084510194,0.398155815671091,0.00540498198339339,0,0,0,0,0,0,0,0,0,0,0,0,0.0248763456502764,0.00305498981670061,0,0,0,0,0,0,0,0,0,0,0,0,0,0.00373760658893042,0,0,0,0.00286475235558739,0,0,0,0,0,0,0,0,0.00116380564445738,0,0,0,0,0,0.0722902352230255,0,0,0,0.00696045298896623,0,0,0.0013540431055706,0,0,0,0.00246189655558291,0,0.0100602045612229,0,0,0,0
"CROP_0302",0,0,0,0.0596000537441777,0,0.0214752776782515,0.169305356503046,0.0247895019706199,0,0.120230204227875,0.0958101934790398,0.349348351845217,0.0037396990326048,0,0,0,0,0.00135480114654246,0,0,0,0,0,0,0,0.0217216051594411,0,0,0,0,0,0,0,0,0,0,0,0,0,0,0.00500492654962379,0,0,0,0.00250806162665711,0,0.00513928699390899,0,0,0,0,0,0,0,0.00148916159082766,0,0,0,0,0.0847478502328914,0,0,0,0.0120028663561448,0.00307909351486922,0,0,0,0,0,0,0.00105249014690075,0.0108272124686492,0,0,0,0.00677400573271229
"CROP_0303",0,0,0,0,0,0.0173015383429078,0,0.294116513089409,0,0.0125303620310753,0.0180726375448201,0.411516366580561,0.12497590314994,0,0,0,0,0,0,0,0,0,0,0,0,0.00195666422485253,0,0,0,0,0,0,0,0,0,0,0,0.0167424914215214,0,0,0,0,0,0,0,0,0,0,0.00399043836989629,0,0,0,0,0,0,0,0,0,0,0,0.072251995219185,0,0,0,0,0,0,0,0,0,0,0,0.0265450900258318,0,0,0,0
"CROP_0304",0,0,0,0.00757444083611581,0,0.0369848602662032,0.151854731738554,0.109189040845264,0,0.0657183369162512,0.0765402735214746,0.4542377532818,0.0188537712116361,0,0,0,0,0,0,0,0,0,0,0,0,0.0147463751543704,0.00305539038558295,0,0,0,0,0,0,0,0,0,0,0.00251566573663267,0,0,0.00154599094360335,0,0,0,0.00144536431413804,0,0,0,0.00406165668023602,0,0,0,0,0,0,0,0,0,0,0,0.0148195581576179,0,0.00255225723825642,0.0141151717513607,0.00182957508118739,0,0.00172894845172209,0,0,0,0,0.00345789690344418,0.0131729405845492,0,0,0,0
"CROP_0305",0,0,0,0.00285723256617162,0,0.0233288329303903,0.13889499408668,0.153955644865878,0,0.0450877578573896,0.0521732759793609,0.428344165698557,0.0268244947512742,0,0,0,0,0,0,0,0,0,0,0,0,0.0119208347724157,0.00357939024773148,0,0,0,0,0,0,0,0,0,0,0.00132918877620438,0,0,0.00264791149905282,0,0,0,0,0,0,0,0.00166410248359446,0,0,0,0,0,0,0,0,0,0,0,0.0719227186620197,0,0,0.00676107046793725,0.0023548620050865,0,0.00132918877620438,0,0,0,0,0.00154897589667912,0.0234753576773734,0,0,0,0
"CROP_0306",0,0,0,0.00786180730363723,0,0.0220349494728394,0.177392287767685,0.124220203567911,0,0.0565831235635329,0.0542847761847434,0.408157309109482,0.0236948670241874,0,0,0,0,0,0,0,0,0,0,0,0,0.00977709678596184,0,0,0,0,0,0,0,0,0,0,0,0,0,0,0.00622013060450184,0,0,0,0.00113093283718215,0,0,0,0.00682207872751815,0,0,0,0,0,0,0,0,0,0,0,0.0804056765532086,0,0,0.00844551457444092,0,0,0.00204297544781292,0,0,0,0,0.00105796942833169,0.00986830104702492,0,0,0,0
"CROP_0307",0,0,0,0.0086558847751047,0,0.0187135322668255,0.115645424120832,0.303306407807818,0,0.0736976748260938,0.0226735119412661,0.329764679083948,0.0148411627621734,0,0,0,0,0,0,0,0,0,0,0,0,0.0132291356380649,0,0,0,0,0,0,0,0,0,0,0,0.00129663051286993,0,0,0.00199751187117801,0,0,0,0,0,0,0,0.0125282542797568,0,0,0,0,0,0,0,0,0,0,0,0.0709467154947346,0,0,0.00467838306670638,0,0,0,0,0,0,0,0,0.00802509155262743,0,0,0,0
"CROP_0308",0,0,0,0.0122888141204412,0,0.0232461901077745,0.144874862807895,0.155238489357491,0,0.0681192536749492,0.060670397092427,0.38248259234603,0.0194138073732885,0,0,0,0,0,0,0,0,0,0,0,0,0.00975188470465464,0,0,0,0,0,0,0,0,0,0,0,0.0026448838590115,0,0,0.00716097806725562,0,0,0,0,0,0,0,0.00455207902265244,0.00138541535472031,0,0,0,0,0,0,0,0,0,0,0.0888285143669372,0,0,0.00190719516364094,0,0,0.00422821569297756,0,0,0,0,0,0.0121808596772162,0,0,0,0.00102556721063711
"CROP_0309",0,0,0,0.0052209795312441,0,0.0109955086995358,0.169524576345818,0.124661894397826,0,0.0523859247424107,0.0557827066061117,0.28127869966158,0.0254884446513266,0,0,0,0,0,0,0,0,0,0,0,0,0.0179652018569074,0,0,0,0,0,0,0,0,0,0,0,0,0,0,0.00324581378086983,0.00403839621573339,0,0,0,0,0,0,0.00320807176016204,0,0,0,0,0,0,0,0,0,0,0.112622189792041,0.101689584460352,0,0.00330871714871614,0.00707033854592575,0.00247839269314479,0,0.00319549108659278,0,0,0,0,0,0.015839068023702,0,0,0,0
"CROP_0310",0,0,0,0.00770669779191916,0,0.0118798266792447,0.279103976464193,0.220600227043794,0,0.0672337431846889,0.0378299729785907,0.25181075420111,0.0230881153766209,0,0,0,0,0,0,0,0,0,0,0,0,0.0103129047215516,0,0,0,0,0,0,0,0,0,0,0,0.00177477895208097,0,0,0.00530834785667461,0,0,0,0.00119917496762228,0,0,0,0.00198263594646883,0,0,0,0,0.00139104296244184,0,0,0,0,0,0,0.0593511663975185,0,0,0.00230241593783477,0,0,0,0,0,0,0.00196664694690053,0.00102329597237101,0.0141342756183746,0,0,0,0
"CROP_0401",0,0,0,0.00118061920370342,0,0.0149907569943921,0.169667407142746,0.10164199276094,0,0.172448076056732,0.0499122302828826,0.0757615770587047,0.00534385534307862,0,0,0,0,0,0,0,0,0,0,0,0,0.213334783216566,0,0,0,0,0,0,0,0,0,0.0013670327621829,0,0,0,0,0.0180355117828903,0,0,0,0,0,0,0,0,0,0,0,0,0.0100041943050658,0,0,0,0.0714429962872633,0,0,0.0114333649200752,0,0,0.0107187796125705,0.0189520451120812,0,0.0127382598294316,0,0.00354185761111025,0,0,0,0.0341913535177792,0,0.00329330619980427,0,0
"CROP_0402",0,0,0,0,0,0.00753950993185443,0.303863998840075,0.0288893721908076,0,0.124691895026823,0.0633608815426997,0.0597542409743367,0.00447658402203857,0,0,0,0,0,0,0,0,0,0,0,0,0.175438596491228,0,0,0,0,0,0,0,0,0,0,0.00326228795128317,0,0,0,0.044838335508192,0,0,0,0.00933376830506017,0,0,0,0,0,0,0,0,0.00592648977816442,0.0019573727707699,0,0,0.0649376540524866,0,0,0,0,0,0.0199362041467305,0.0259895606785559,0,0.0131035232709874,0,0,0,0.00146802957807742,0.00114180078294911,0.0334928229665072,0,0,0,0.00659707119037263
"CROP_0403",0,0,0,0,0,0.00435878649397097,0.00449538664050567,0.301861487451414,0,0,0.0459597402113577,0.569274901585804,0.0581171532529462,0,0,0.00157711078271884,0,0,0,0,0,0,0,0,0,0.00326598532169335,0,0,0,0,0,0,0,0,0,0,0,0,0,0,0.00307971239460057,0,0,0,0,0,0,0,0,0,0,0,0,0,0,0,0,0.00136600146534703,0,0,0.00510387820234207,0,0,0,0,0,0,0,0,0,0,0,0.00153985619730028,0,0,0,0
"CROP_0404",0,0,0,0,0,0.00780673366263555,0.121955373871572,0.073738147958894,0,0.140237324703344,0.0586072787145858,0.10233918128655,0.00733832964287742,0,0,0,0,0.00137682393686482,0,0,0,0,0,0,0,0.142508374496111,0,0,0,0,0,0,0,0,0,0,0,0,0,0,0.0356128995628229,0,0,0,0.00530857889059218,0,0,0,0,0,0,0,0,0,0,0,0,0.209021745301766,0,0,0.0715948447169704,0,0,0.00553568386986885,0,0,0.00853063078407994,0,0,0,0.00197297450746608,0.00109294271276898,0.00371884403565548,0,0,0,0.00170328734457503
"CROP_0405",0,0,0,0,0,0.00352068003044912,0.0964856635371733,0.136145648312611,0,0.0349657447348389,0.101573204770363,0.412775945191576,0.0503615833544786,0,0,0,0,0,0,0,0,0,0,0,0,0.0398502918041106,0,0,0,0,0,0,0,0,0,0,0,0,0,0,0.0136577010910936,0,0,0,0,0,0,0,0,0,0,0,0,0,0,0,0,0.0276452676985537,0,0,0.0637782288759198,0,0,0.00196016239533113,0.00476401928444557,0,0,0,0,0,0,0,0.0102258310073585,0,0,0,0.00229002791169754
"CROP_0406",0,0,0,0,0,0.00650104285810402,0.0876757720514028,0.152560048442441,0,0.0310418488864967,0.0823605597793178,0.439463769091031,0.0499562672407993,0,0,0,0,0,0,0,0,0,0,0,0,0.0206048577003297,0,0,0,0,0,0,0,0,0,0,0,0,0,0,0.0243473726703896,0,0,0,0.00144654511202314,0,0,0,0.00130357263002086,0,0,0,0,0,0,0,0,0.0507804615488125,0,0,0.0388044136446209,0,0,0,0.00417143241606674,0,0.00285944964004575,0.00132039292202113,0,0,0,0,0.00480219336607684,0,0,0,0
"CROP_0407",0,0,0,0,0,0.00915858707885471,0.160094580222821,0.131421078173239,0,0.0709041910603104,0.0532375140682919,0.22591869817964,0.0428089087135644,0,0,0,0,0,0,0,0,0,0,0,0,0.0545281830478374,0,0,0,0,0,0,0,0,0,0,0,0,0,0,0.0425611002694917,0,0,0,0,0,0,0,0.00221995064481822,0,0,0,0,0.00511104915900009,0,0,0,0.0475688959101281,0,0,0.138535245588493,0,0,0.00185856333054549,0.00367582525374552,0,0.00266394077378187,0,0,0.00147652531260003,0,0,0.00625716321283648,0,0,0,0
"CROP_0408",0,0,0,0,0,0.00867911740341893,0.145850591158973,0.164507869568492,0,0.0821409744709692,0.0622976127720461,0.186798704721741,0.0409669402816477,0,0,0,0,0,0,0,0,0,0,0,0,0.0301415769259733,0,0,0,0,0,0,0,0,0,0.0037465170570073,0,0,0,0,0.0438850817079599,0,0,0,0,0,0,0,0,0,0,0,0,0.00419835831011371,0,0,0,0.085172076210558,0,0,0.117742299871978,0.00284283455079449,0,0.00274870095639732,0.0157014835454477,0,0,0,0,0,0.00257926048648242,0,0,0,0,0,0
"CROP_0409",0,0,0,0,0,0.0100260656074584,0.159184070777318,0.152867757600666,0,0.0859299797748191,0.0410776668577423,0.182437620999578,0.0196844006532625,0,0,0,0,0,0,0,0,0,0,0,0,0.0250273094020052,0,0,0,0,0,0,0,0,0,0,0,0,0,0,0.0381899003882802,0,0,0,0,0,0,0,0,0,0,0,0,0.0146551444424015,0,0,0,0.079797531878995,0,0,0.178825209011562,0,0,0.00176294357499,0.00401258936393428,0,0,0,0,0,0,0,0.00652180966698753,0,0,0,0
"CROP_0410",0,0,0,0,0,0.00293523372651813,0.0310315640017475,0.207268457841852,0,0.0271270205329838,0.252348186981215,0.329032874617737,0.0226490825688073,0,0,0,0,0,0,0,0,0,0,0,0,0.00935179117518567,0,0,0,0,0,0,0,0,0,0.00128331148973351,0,0,0,0,0.0659403669724771,0,0,0,0.001064875491481,0,0,0,0,0,0,0,0,0.00221166448230668,0,0,0,0.00282601572739187,0,0,0.0416120576671035,0,0,0,0.00103757099169943,0,0,0,0.00118774574049803,0,0,0,0.00109217999126256,0,0,0,0
"CROP_0501",0,0,0,0,0,0,0.226087754727373,0.0395936601187198,0,0.308151275931706,0.00480386757236399,0.100391652897619,0.00917936478795667,0,0,0,0,0,0,0,0,0,0,0,0,0.0520164004650878,0,0,0,0,0,0,0,0,0,0.107123187075454,0.0309038614527875,0,0,0,0.00159108989657916,0,0,0,0.00593598922954532,0,0,0,0,0,0,0,0,0,0,0,0,0,0,0,0,0,0,0.0180527507496481,0.013065295881525,0,0.0240499357444465,0,0,0,0.0158497032005385,0,0.0432042102686494,0,0,0,0
"CROP_0502",0,0,0,0,0,0.00603157096574068,0.128765423588612,0.0565933687185497,0,0.321844626731923,0,0.0933687185496657,0,0,0,0.00651409664299993,0,0,0,0,0.0134417867236507,0,0,0,0,0.117288205693803,0,0,0.00158544151099469,0,0,0,0,0,0,0.0869235541462742,0.00492865513200524,0,0,0,0.0038257392982698,0,0,0.00454952781415868,0,0,0.0150272282346453,0,0.00468739229337561,0,0,0,0,0,0,0,0,0,0,0,0.00423933273592059,0,0,0.0168539325842697,0.00806507203419039,0,0.0499414075963328,0.00789274143516923,0,0,0.0285379471979045,0.00261942510512167,0,0,0.0164748052664231,0,0
"CROP_0503",0,0,0,0,0,0.00674932358100675,0.018999197217019,0.218802961377219,0,0.0524782207950525,0.0175422947700175,0.547170933309547,0.100556001546101,0,0,0,0,0,0,0,0,0,0,0,0,0,0,0,0,0,0,0,0,0,0,0.0111200309220111,0,0,0,0.00243808164600244,0,0,0,0,0,0,0,0,0,0,0,0,0,0,0,0,0.00136770433800137,0,0,0,0.0165313828680165,0,0,0.00178396218000178,0,0,0,0,0,0,0,0,0.00445990545000446,0,0,0,0
"CROP_0504",0,0,0,0,0,0,0.36608668634457,0.0651701102998291,0,0.318665527419605,0,0.0427994407332608,0.0116513903992543,0,0,0,0,0,0,0,0,0,0,0,0,0.0129330433431723,0,0,0,0.00889389467143079,0,0,0,0,0,0.0942597483299674,0.00198073636787323,0,0,0,0.00609756097560976,0,0,0,0,0,0,0,0.00337890321578375,0,0,0,0,0,0.00264098182383098,0,0,0,0,0,0.0172828957588939,0,0,0.00714618611154264,0.0112241727512817,0,0.0056703433276371,0,0,0.00287400963181606,0,0,0.0186033866708094,0,0,0,0.00264098182383098
"CROP_0505",0,0,0,0,0,0.00968754671849305,0.218777096725968,0.158528928090895,0,0.214052922708925,0.0146509194199432,0.188368963970698,0.0499327253700105,0,0,0,0,0,0,0,0,0,0,0,0,0.02347137090746,0,0,0,0,0,0,0.00260128569292869,0,0,0.0390192853939303,0.00137539243534161,0,0,0.00191358947525789,0.0046643743459411,0,0,0,0,0,0,0,0,0,0,0,0,0.00430557631933024,0,0,0,0,0,0,0.0383016893407086,0,0,0.00556136941246823,0.00514277171475557,0,0.00340858125280311,0,0,0.00245178651517417,0.00379727911496487,0,0.00998654507400209,0,0,0,0
"CROP_0506",0,0,0,0,0,0.0046062070527826,0.235143094465,0.191157592690478,0,0.208034433285509,0.0213697802612701,0.190629011553273,0.0459865589367968,0,0,0,0,0,0,0,0,0,0,0,0,0,0,0,0,0,0,0,0,0,0,0.0253718945858189,0.0029449520501397,0,0,0,0.0123839009287926,0,0,0,0,0,0,0,0,0,0,0,0,0,0,0,0,0,0,0,0.0230687910594276,0,0,0.0123083893377633,0.00992977422034282,0,0.00268066148153742,0,0,0,0.00683379898814468,0,0.0075511591029223,0,0,0,0
"CROP_0507",0,0,0,0,0,0.00507298892224868,0.319908893260172,0.194274769644891,0,0.172559271146081,0.00867066984159851,0.161662698001864,0.0318614763433068,0,0,0,0,0,0,0,0,0,0,0,0,0,0,0,0,0,0,0,0,0,0,0.0207578424267523,0,0,0,0,0.00561652344963247,0,0,0,0,0,0,0,0,0,0,0,0,0,0,0,0,0,0,0,0.0683818200641888,0,0,0.00155295579252511,0,0,0,0,0,0,0,0,0.00794595713842013,0,0,0,0.0017341339683197
"CROP_0508",0,0,0,0,0,0.014655541292255,0.340571958351162,0.148373983739837,0,0.161906290115533,0.0237483953786906,0.169965054913707,0.0262266438453858,0,0,0,0,0,0,0,0,0,0,0,0,0,0,0,0,0,0,0,0,0,0,0.00659677649408073,0,0,0,0,0.00272785622593068,0,0.00114106404221937,0,0,0,0,0,0,0,0,0,0,0,0,0,0,0,0,0,0.0808372557409785,0,0,0,0,0,0,0,0,0,0.00377977463985166,0,0.019469405220368,0,0,0,0
"CROP_0509",0,0,0,0,0,0.00496343364105023,0.28751948207649,0.143148303560724,0,0.199280661791152,0.0063541541781561,0.219278263997123,0.0461095791871478,0,0,0,0,0,0,0,0,0,0,0,0,0.00266155137273708,0,0,0,0,0,0.00211005874595372,0,0,0,0.0146984774007913,0.00400431602925309,0,0,0,0.00544299244694881,0,0,0,0,0,0,0,0,0,0,0,0,0.00115094113415658,0,0,0,0,0,0,0.0549094832753866,0,0,0,0,0.00110298525356672,0,0,0,0,0,0,0.00726531590936339,0,0,0,0
"CROP_0510",0,0,0,0,0,0.015740421125302,0.207824185939478,0.186905994707168,0,0.162927166033828,0.0103325279024278,0.274951098837878,0.0347025658727419,0,0,0,0,0,0,0,0,0,0,0,0,0.00329076055689794,0,0,0.00131170176044184,0,0,0,0,0,0,0.010010355540214,0,0,0,0,0.0153952364515016,0,0,0,0,0,0,0,0,0,0,0,0,0,0,0,0,0,0,0,0.0636520538488091,0,0,0.00179496030376251,0,0,0,0,0,0,0.00142676331837533,0,0.00973420780117363,0,0,0,0
"CROP_0511",0,0,0,0,0,0.0150693477947881,0.18522340068148,0.129529202860297,0,0.0825694677736718,0.0385372174497288,0.421461822719201,0.0209483130968949,0,0,0,0,0,0,0.00191966213946345,0,0,0,0,0,0,0,0,0.00194365791620675,0,0,0,0,0,0,0,0,0,0,0,0.00583097374862024,0,0,0,0,0,0,0,0.00127177616739454,0,0,0,0,0.00119978883716466,0,0,0,0,0,0,0.088640399289725,0,0,0,0.00115179728367807,0,0,0,0,0,0.00115179728367807,0,0.00355137495800739,0,0,0,0
"CROP_0512",0,0,0,0,0,0.00484179709492174,0.277648913410652,0.0856885485868708,0,0.103772097736741,0.0457606125436325,0.325346244792253,0.0379912172052697,0,0,0,0,0,0,0,0,0.0109447134331719,0,0,0,0.0205832676500394,0,0,0,0,0,0,0,0,0,0.00245467852719288,0,0,0,0,0.00520211687872987,0,0,0,0,0,0.00119355928386443,0,0,0,0,0,0,0.00112599932440041,0,0,0,0,0,0,0.0351311789212926,0,0,0,0,0,0.0106519536088278,0,0,0,0.00740907555455467,0,0.0242540254475847,0,0,0,0
"CROP_0514",0,0,0,0,0,0,0.379806159535803,0.00424026015430721,0,0.0972709303067015,0,0.021902697188038,0.0038576802907607,0,0,0,0,0,0,0,0,0,0,0.00223171587068801,0,0.00962825989925397,0,0,0,0,0.00153031945418606,0,0,0,0,0.00392144360135178,0,0,0,0,0.00701396416501945,0.35522540330294,0,0,0,0,0,0,0,0,0,0,0,0,0,0,0,0,0,0,0.00414461518842058,0,0,0,0,0,0.100554740802142,0,0,0,0,0,0.00867181024038768,0,0,0,0
"CROP_0601",0,0,0,0,0,0,0.20853599754612,0.190482450374655,0,0.352526182025328,0.00801892993295649,0.0471495552342141,0.0229613075675913,0,0,0,0,0,0,0,0,0,0,0,0,0.016388414179922,0,0,0.0174400771219491,0,0,0,0,0,0,0,0,0,0,0,0.0148985583453836,0,0,0,0,0,0,0,0,0,0,0,0,0,0,0,0,0,0,0,0,0,0,0.0723018272643618,0.0186670172209807,0,0,0,0,0,0,0,0.0212961745760484,0,0,0,0.00933350861049034
"CROP_0602",0,0,0,0,0,0,0.261952841955218,0.0364673041515709,0,0.462226049771337,0.0107501336342579,0,0.00893864702738018,0.00484052978559126,0,0,0,0,0,0,0,0,0,0,0,0.0525331115994536,0,0,0.0102155966027202,0,0,0,0,0,0,0.00406842074003682,0,0,0,0,0.00879016451861971,0,0,0,0,0,0,0,0,0,0,0,0,0,0.00593930035041872,0,0.0065035338837085,0,0,0,0.00840410999584249,0,0,0.0416641919581873,0.0281225871592326,0,0.0074241254380234,0.00721624992575875,0,0,0.00938409455366158,0.00457326126982241,0.019985745679159,0,0,0,0
"CROP_0603",0,0,0,0,0,0.0109382960232551,0.0232551170247835,0.473103778956517,0,0.04890766879439,0.0664089424315982,0.129341604483203,0.112499625400821,0,0,0,0,0,0,0,0,0,0,0,0,0.00854086127843208,0,0,0,0,0,0,0,0.00491474122688723,0,0,0.00629326620516048,0,0,0,0,0,0,0,0,0,0,0,0.00940993137343043,0,0,0,0,0,0,0,0,0,0,0,0.0870868171056969,0,0,0.0127363720818724,0.00170817225568642,0,0.00485480535826665,0,0,0,0,0,0,0,0,0,0
"CROP_0604",0,0,0,0,0,0.015697860677037,0.20716904566974,0.053928024774855,0,0.491545936710213,0,0.033602676823408,0,0,0,0,0,0,0,0,0,0,0,0,0,0.011782294521767,0,0,0.01993379133592,0,0,0,0,0,0,0.01103477734667,0,0,0,0,0.00872103370946499,0,0,0,0,0,0,0,0,0,0,0,0,0,0,0,0,0,0,0,0,0,0.00875662976542199,0.0562061723561029,0.00793792047841099,0,0.012387427473036,0,0.015484284341295,0,0.013633289431531,0.00733278752714199,0.024846047057986,0,0,0,0
"CROP_0605",0,0,0,0,0,0.0185504488970807,0.18978536179321,0.111837802485284,0,0.240323443724359,0.0178072418098579,0.104078720494679,0.0397169867411856,0,0,0,0,0,0,0.0149533265949224,0,0,0,0,0,0,0,0,0.0224448540341281,0,0,0,0,0,0,0,0.0368333432427612,0,0,0,0.01174267197812,0,0,0,0,0,0,0,0.0130209881681432,0,0,0,0,0.0105535406385635,0,0,0,0,0,0,0.0727451096973661,0,0,0.0336524169094476,0.0243177358939295,0,0,0,0,0,0,0,0.0312146976633569,0,0,0,0.00642130923360485
"CROP_0606",0,0,0,0,0,0,0.280280866003511,0.166361907548274,0,0.259471913399649,0.0132387361029842,0.0264774722059684,0.030317437097718,0,0,0,0,0,0,0.00394967817437098,0,0,0,0,0,0.0119221767115272,0,0,0.0319997074312463,0,0,0.00296225863077823,0,0,0,0.0120684610883558,0,0,0,0,0.00585137507314219,0,0,0.00950848449385606,0.00654622586307782,0,0,0,0,0,0,0,0,0,0,0,0,0,0,0,0.0678759508484494,0,0,0.0261483323581042,0.0167129900526624,0,0.0180661205383265,0,0,0,0,0,0.0027428320655354,0,0.00749707431246343,0,0
"CROP_0607",0.00509481255448997,0,0,0,0,0,0.237957715780296,0.118679163034002,0,0.237957715780296,0.0137314734088928,0.0480874019180471,0.0329391891891892,0,0,0,0,0,0,0,0,0,0,0,0,0,0,0,0.0109524847428073,0.0127234088927637,0,0,0,0,0,0,0,0,0,0,0.00634808195292066,0,0,0,0.00242480383609416,0,0,0,0,0.00196163905841325,0,0,0,0,0,0,0,0,0,0,0.152163251961639,0.00634808195292066,0,0.0412489102005231,0.0282802964254577,0,0.0212783347863993,0,0.00830972101133391,0,0,0,0.0135135135135135,0,0,0,0
"CROP_0608",0.00265020328263816,0,0,0,0,0.0147266977864779,0.244842644180093,0.124017467248908,0,0.274567083270592,0.0111429001656377,0.0501129347989761,0.0282788736636049,0,0,0,0,0,0,0,0,0,0,0,0,0.0126185815389249,0,0,0,0,0,0,0,0,0,0,0.0114741755759675,0,0,0,0.0163529588917332,0,0,0,0.00514982683330824,0,0,0,0,0,0,0,0,0.00873362445414847,0,0,0.00704713145610601,0,0,0,0.132751091703057,0,0,0.0277066706821262,0.00834211715103147,0,0.014094262912212,0,0,0,0.00539075440445716,0,0,0,0,0,0
"CROP_0609",0,0,0,0,0,0.0115132976463591,0.186294502506585,0.146359078936188,0,0.185742204095505,0.0110034837284391,0.0684425184807545,0.0221344209363582,0,0,0,0,0,0,0,0,0,0,0,0,0.00424844931599966,0,0,0,0.00900671254991928,0,0,0,0,0,0.00794460022091936,0.00450335627495964,0,0,0,0.00688248789191945,0,0,0,0.00263403857591979,0,0,0,0,0,0,0,0,0.00633018948083949,0,0,0,0,0,0,0.2535049706857,0,0,0.0470728184212762,0.00229416263063982,0,0.0062027360013595,0,0,0,0.00403602685019968,0.00157192624691987,0.00900671254991928,0,0,0,0.00327130597331974
"CROP_0610",0,0,0,0,0,0.0292821266272594,0.20043051901459,0.133324221819797,0,0.199952164553934,0.00690197150374142,0.0745891276864728,0.049407182150545,0,0,0,0,0,0,0,0.00365599480643728,0,0,0,0,0,0,0,0.00580858987938634,0,0,0.001776745139577,0,0,0,0,0,0,0,0,0.00427102197013701,0,0,0.00187924966686029,0.00369016298219838,0,0,0,0,0,0,0,0.0025967813578433,0,0,0,0,0,0,0,0.226705846174873,0,0.00307513581849865,0.0418901834831038,0.00239177230327673,0,0,0,0,0,0,0,0.00389517203676496,0,0,0,0.00447603102470359
"CROP_0701",0,0,0,0,0,0.00568501280689698,0.187834489077695,0.0791945190645759,0,0.200953749401304,0.00610149726161471,0.00616396992982237,0.00276962162387289,0,0.00172841048707857,0,0,0,0,0,0,0,0,0,0,0.458820099539785,0,0,0,0,0,0,0,0.00324857874679828,0,0,0,0,0,0,0.00570583702963287,0.00408154765623373,0,0,0,0,0,0,0,0,0,0,0,0,0.00251973095104225,0,0,0,0,0,0.0275504466795777,0,0,0,0.00354011786510069,0,0.00410237187896962,0,0,0,0,0,0,0,0,0,0
"CROP_0702",0,0,0,0,0,0.0287346583069065,0.209082766467356,0.00491418334987533,0,0.265414316492774,0.00493839114962841,0,0,0,0,0,0,0,0,0,0,0,0,0,0,0.460093442107047,0,0,0,0,0,0,0,0,0,0,0,0,0,0,0.00849693771333124,0,0,0,0.00501101454888765,0,0,0,0,0,0,0,0,0,0,0,0.0043331961558014,0,0,0,0,0,0,0,0.00530150814592462,0,0.00367958556246823,0,0,0,0,0,0,0,0,0,0
"CROP_0703",0,0,0,0,0,0.00555952922816828,0.013882567137005,0.778431627544054,0,0.0379738604590676,0,0.0253592561284869,0.00305611548215099,0,0,0,0,0,0,0,0,0,0,0,0,0.0270823850705507,0,0,0,0,0,0,0,0,0,0,0,0,0,0,0,0,0,0,0,0,0,0,0,0,0,0,0,0,0.00260094934651148,0,0,0,0,0,0.0283828597438065,0,0,0.00156056960790689,0.00718512256973795,0,0,0,0.00572208856232525,0,0,0,0.060732167241043,0,0,0,0.0024709018791859
"CROP_0704",0,0,0,0,0,0.0139599130077,0.107094574736966,0.143155234232646,0,0.25198377711162,0.00837594780462,0,0.00373243989890084,0,0,0,0,0.0051431258449421,0,0,0,0,0,0,0,0.389466878269559,0,0,0,0,0,0,0,0,0,0,0,0,0,0,0.0108152589196497,0.00640686533827073,0,0,0.0110503732439899,0,0,0,0.00437900429083642,0,0,0,0,0,0.00828777993299242,0,0,0,0,0,0.0207782284135661,0,0,0,0.00382060777052842,0,0.00596602598013284,0,0,0,0,0,0.00558396520308,0,0,0,0
"CROP_0705",0,0,0,0,0,0.0237814055806414,0.0797267569758018,0.309505615375709,0,0.198298020145884,0.00260507120527961,0,0.0263170082204469,0,0,0,0,0.00800046312376983,0,0,0,0,0,0,0,0.253791825865463,0,0,0,0,0,0,0,0,0,0,0,0,0,0,0,0,0,0,0,0,0,0,0,0,0,0,0,0,0,0,0,0,0,0,0.0884103276600672,0,0,0,0.0025240245455598,0,0,0,0,0,0,0,0.00703948130137779,0,0,0,0
"CROP_0706",0,0,0,0,0,0,0.0248728488817669,0.34880048305813,0,0.132074595322697,0.0132608746139019,0,0.0158155089528322,0,0,0,0,0,0,0,0,0,0,0,0,0.436215425346617,0,0,0,0,0,0,0,0,0,0,0,0,0,0,0,0,0,0,0,0,0,0,0.00130054111800088,0,0,0,0,0,0,0,0,0,0,0,0.00615434636196846,0,0,0,0,0,0,0,0,0,0,0,0.021505376344086,0,0,0,0
"CROP_0707",0,0,0,0,0,0.00363532211157134,0.0684101524632061,0.19654974883229,0,0.0861020534061867,0.00407596721600423,0.00729267647836433,0.00852648277077642,0,0,0,0,0,0,0,0,0,0,0,0,0.544989865162598,0,0,0,0,0,0,0,0,0,0,0,0,0,0,0.0057944831232925,0.00268793513704063,0,0,0.00290825768925707,0,0,0,0,0,0,0,0,0.00273199964748392,0.0044064510443289,0,0.00143209658940689,0,0,0,0.0442407684850621,0,0,0,0.00169648365206663,0,0,0,0,0,0,0,0.0145192561910637,0,0,0,0
"CROP_0708",0,0,0,0.00251291358369398,0,0.0160547256736004,0.0537205081669691,0.160072595281307,0,0.177914281725534,0.00899064637721625,0,0.0116431662711155,0,0,0,0,0,0,0,0,0,0,0,0,0.508641630601703,0,0,0,0,0,0,0,0,0,0.00421611056819768,0,0,0,0,0,0,0,0,0,0,0,0,0,0,0,0,0,0,0,0,0,0,0,0,0.0368560658941784,0,0,0,0.00117269300572386,0,0.00337847270696635,0,0,0,0,0,0.0148261901437945,0,0,0,0
"CROP_0709",0,0,0,0,0,0.00510204081632653,0.0472789115646259,0.181938775510204,0,0.126326530612245,0.00238095238095238,0,0.0118877551020408,0,0,0,0,0,0,0,0,0,0,0,0,0.354047619047619,0,0,0,0,0,0,0,0,0,0,0,0,0,0,0,0,0,0,0,0,0,0,0.00743197278911565,0,0,0,0,0,0.00217687074829932,0,0,0,0,0.161802721088435,0.0680952380952381,0,0,0,0,0,0.0126020408163265,0,0,0,0,0,0.0189285714285714,0,0,0,0
"CROP_0710",0,0,0,0,0,0.00661215978928885,0.169803555750658,0.250932835820896,0,0.142422080772608,0,0.0277381474978051,0.00987708516242318,0,0,0,0,0,0,0,0,0,0,0,0,0.175757243195786,0,0,0.00987708516242318,0,0,0,0,0,0,0,0,0,0,0,0.00589881474978051,0,0,0,0,0,0,0,0,0,0,0,0,0,0,0,0,0,0,0,0.172135645302897,0,0,0,0,0,0.0172025899912204,0,0,0,0,0,0.0117427568042142,0,0,0,0
"CROP_0801",0,0,0,0,0,0.00283719270824485,0.0867467423251389,0.144968654966786,0,0.301710810213894,0.0861691102767537,0,0.00667674691221692,0,0,0,0,0,0,0,0,0,0,0,0,0.040621124343793,0,0,0,0,0,0,0,0,0,0,0,0,0,0,0.00198773381356076,0,0,0,0.00307504119875639,0,0,0,0.00766211923005046,0,0,0.00164795025568713,0,0,0,0,0,0,0,0,0.292162892237645,0,0,0,0.00202171216934813,0,0.00256536586194594,0,0,0,0.00193676627987972,0,0.0172100372062996,0,0,0,0
"CROP_0802",0,0,0,0,0,0.00231415438262799,0.166825170391504,0,0,0.185544460294817,0.52364875574576,0.00324932635916944,0.00242510699001427,0,0,0,0,0.00233000475511174,0,0,0,0,0,0,0,0.0803138373751783,0,0,0.00236170550007925,0,0,0,0,0,0,0,0,0,0,0,0.00207639879537169,0,0,0,0.00263116183230306,0,0,0,0,0,0,0,0,0.00158503724837534,0.00145823426850531,0,0,0,0,0,0,0,0,0,0.00380408939610081,0,0,0.00410524647329212,0.00345538120145823,0,0,0,0.0118719289903313,0,0,0,0
"CROP_0803",0,0,0,0,0,0.0267946629917314,0.0121053620646455,0.544678651966926,0,0.0432379102981709,0,0.00460410924580306,0,0,0,0,0,0,0,0,0,0,0,0,0,0.0422669756953145,0,0,0,0,0,0,0,0,0,0,0.00568466549736908,0,0,0,0,0.0036958155850664,0,0,0,0,0,0,0,0,0,0.00181658732147331,0,0,0,0,0,0,0,0.106724505136557,0.155302555750438,0.00300676522174893,0,0.0127317714858431,0.00382109746930594,0,0,0,0,0,0,0,0.0335285642696066,0,0,0,0
"CROP_0804",0,0,0,0,0,0,0.0930483116628713,0.278312397463209,0,0.33901417762433,0.00788462009353804,0,0,0,0,0,0,0,0,0,0,0,0,0,0,0.0178995567961997,0,0,0,0,0,0,0,0,0,0,0,0,0,0,0.0133450868042802,0,0,0,0,0,0,0,0,0,0,0,0,0,0,0,0,0,0,0,0.174955312324004,0,0,0,0.00408922843360513,0,0,0,0,0.0127818996547418,0,0,0.0586694091432209,0,0,0,0
"CROP_0805",0,0,0,0,0,0.00875704919536014,0.159644216221173,0.41908517109104,0,0.209038252869347,0,0,0.00897100851252426,0,0,0,0,0,0,0,0,0,0,0,0,0.0143047086332584,0,0,0,0,0,0,0,0,0,0,0,0,0,0,0.00463069093576636,0,0,0,0.00334693503278162,0,0,0,0,0,0,0.00319410694909297,0,0,0,0,0,0,0,0,0.147035899316858,0.00466125655250409,0,0,0,0,0.0102089159904024,0,0,0,0,0,0.00712178869989149,0,0,0,0
"CROP_0806",0,0,0,0,0,0.0136457131390157,0.269469389120219,0.267680061539491,0,0.199903008411512,0,0,0.00829445308449974,0,0,0,0,0,0,0,0,0,0,0,0,0,0.00707369688456329,0,0,0,0,0,0,0,0,0,0,0,0,0,0.00416394922992023,0,0,0.00252512583822472,0.00275924346560979,0,0,0,0,0,0,0,0,0.00874596565159953,0,0,0,0,0,0,0.173748724895065,0,0,0,0,0,0.0196993260756869,0,0,0,0,0,0.0222913426645931,0,0,0,0
"CROP_0807",0,0,0,0,0,0.0223962988276116,0.20300369766749,0.200672940434257,0,0.197185566829644,0,0.0133536617422848,0,0,0,0,0,0,0,0,0,0,0,0,0,0,0,0,0,0,0,0,0,0,0,0,0,0,0,0,0.00478418589979496,0,0,0,0.0121795208804304,0,0,0,0.00927045546150746,0,0,0,0,0,0,0,0,0,0,0,0.301561432101362,0,0,0,0,0,0.0216777947181186,0,0,0,0,0,0.0139144454374989,0,0,0,0
"CROP_0808",0,0,0,0,0,0.0403053977272727,0.154563210227273,0.382901278409091,0,0.138671875,0,0,0,0,0,0,0,0,0,0,0.0100319602272727,0,0,0,0,0,0,0,0,0,0,0,0,0,0,0,0,0,0,0,0.00532670454545455,0,0,0,0,0,0,0,0,0,0,0,0,0,0,0,0,0,0,0,0.230202414772727,0,0,0,0,0,0.0145596590909091,0,0,0,0,0,0.0168678977272727,0.00656960227272727,0,0,0
"CROP_0809",0,0,0,0,0,0.00740148669171129,0.0611142194868516,0.676077052194069,0,0.0616897130525138,0,0.00749740228598833,0,0,0,0,0,0,0,0,0,0,0,0,0,0,0,0,0,0,0,0,0,0,0,0,0,0,0,0,0.00121493086084246,0.00244584765406442,0,0,0,0,0,0,0,0,0,0,0,0,0,0,0,0,0,0,0.165294540804092,0,0,0,0,0,0.00329310207017824,0,0,0,0,0,0.0106306450323715,0,0,0,0.00334105986731676
"CROP_0810",0,0,0,0,0,0.015376283319205,0.167443722332109,0.419986813600829,0,0.0893849486672318,0,0,0.0174719789017613,0,0,0,0,0,0,0,0,0,0,0,0,0,0,0,0,0.0149288876330413,0,0,0,0,0,0,0,0,0,0,0.00751153809927475,0,0,0,0,0,0,0,0,0,0,0,0,0,0,0,0,0,0,0,0.155999811622869,0,0.0112319864368466,0,0,0,0.0228407271357257,0,0,0,0,0,0.0778233022511067,0,0,0,0
"CROP_0811",0,0,0,0,0,0.00866697600424234,0.102429404746122,0.462548057801936,0,0.247597109903222,0.0440308895664855,0,0,0,0,0,0,0,0,0,0,0,0,0,0,0,0,0,0,0,0,0,0,0,0,0,0,0,0,0,0,0,0,0,0,0,0,0,0.00372862256396659,0,0,0,0,0,0,0,0,0,0,0,0.125116001590879,0,0,0,0,0,0.00588293782314729,0,0,0,0,0,0,0,0,0,0
"CROP_0812",0,0,0,0,0,0.0110123846444132,0.443668736491818,0.0427630450444269,0,0.403410065525404,0,0,0,0,0,0,0,0,0,0,0,0,0,0,0,0.00507736114446465,0,0,0,0,0,0,0,0,0,0,0,0,0,0,0.012727709355381,0.00408247281210333,0,0,0,0,0,0,0,0.0027102130433291,0,0,0,0.00409962605921301,0,0,0,0,0,0,0.00319050396240008,0,0,0,0,0,0.0564341829908402,0,0,0,0,0.00195547017050328,0.00886822875570346,0,0,0,0
"CROP_0813",0,0,0,0,0,0,0.421156273668266,0.00376672557434991,0,0.485150214592275,0.0114617520828074,0,0,0,0,0,0,0,0,0,0,0,0,0,0,0,0,0,0,0,0,0,0,0,0,0,0,0,0,0,0.00338298409492552,0,0,0.00245392577631911,0,0.0144206008583691,0,0,0,0,0,0,0,0,0,0,0,0,0,0,0.00320121181519818,0,0,0,0,0,0.0382428679626357,0,0.00339308255491038,0,0,0,0.00494824539257763,0,0,0,0.00842211562736683
"CROP_0814",0,0,0,0,0,0,0.104292221633143,0,0,0.0787574521493568,0,0,0,0,0,0,0,0,0,0,0,0,0,0,0,0,0,0,0,0,0,0,0,0,0,0,0,0,0,0,0,0.730456704499962,0,0,0,0,0,0,0,0,0,0,0,0,0,0,0,0,0,0,0,0,0,0,0,0,0.0854440994124839,0,0,0,0.00104952230505394,0,0,0,0,0,0
"CROP_0901",0,0,0,0,0,0.0235582884182292,0.0372479060704977,0.472059853066457,0,0.114375363749083,0,0.00530546488187117,0.00652850527594322,0,0,0,0,0,0,0,0,0,0,0,0,0.104987474379412,0,0,0,0,0,0,0,0,0,0,0.00732980760309387,0,0,0,0.0131244886425939,0.00254729792420523,0,0,0,0,0,0,0,0,0,0,0,0,0,0,0,0,0,0,0.171487132771578,0,0,0.00945536746037771,0.0319930497566571,0,0,0,0,0,0,0,0,0,0,0,0
"CROP_0902",0,0,0,0,0,0.0134847880961871,0.170851600903414,0.0178911474248262,0,0.198784376245516,0.00295602497675037,0.00478278198485452,0.00842522474646827,0,0,0,0,0.00107391169567335,0,0,0,0,0,0,0,0.356029405252203,0,0,0,0,0,0,0,0,0,0,0,0,0,0,0.0080377308356583,0.0073955980691732,0,0.0015831894070236,0.00214782339134671,0,0,0,0,0,0,0,0,0,0,0,0,0,0,0.138257827376998,0,0,0,0.0214671626588725,0.0344094592799256,0,0.00359815774323546,0.00359815774323546,0,0,0.00266817235729153,0.00115141047783535,0.00140604933351047,0,0,0,0
"CROP_0903",0,0,0,0,0,0.0953663332478413,0.00759453991051837,0.846342366988687,0,0.00807899461400359,0,0.00635490581630618,0,0,0,0,0,0,0,0,0,0,0,0,0,0.00695334986178792,0,0,0,0,0,0,0,0,0,0,0,0,0,0,0,0,0,0,0,0,0,0,0,0,0,0,0,0,0,0,0,0,0,0,0.00464506568635833,0,0,0,0.00272149554016699,0,0,0,0,0,0,0,0.0219429483343307,0,0,0,0
"CROP_0904",0,0,0,0,0,0.0384028947248646,0.0246461244367575,0.66306722497838,0,0.092838286832643,0.00240089208502116,0.00654271539756952,0.0072368121614856,0,0,0,0,0,0,0,0,0,0,0,0,0.0650744162760002,0,0,0,0,0,0,0,0,0,0,0.00285603750398252,0,0,0,0.00539347321469209,0.00659960857493969,0,0,0.00152473715352055,0,0,0,0,0,0,0,0,0,0,0,0,0,0,0,0.0661440080105594,0.00161576623731282,0,0.00529106549542579,0.00682718128442037,0,0.00353875563242456,0,0,0,0,0,0,0,0,0,0
"CROP_0905",0,0,0,0.00537240270042563,0,0.0406486273565809,0.0539100368737212,0.618220213801932,0,0.107316752924185,0,0.00839232763997243,0.00122547678706247,0,0,0,0,0,0,0,0,0,0,0,0,0.0550042125764555,0,0,0,0,0,0,0,0,0,0,0.00260413817250774,0,0,0,0.00958497915595286,0.00739662775048417,0,0,0,0,0,0.00144431192760934,0,0,0,0,0,0,0,0,0,0,0,0,0.0446861356996707,0,0,0.00693707395533575,0.00748416180670292,0,0,0,0,0,0,0,0.0297725208714015,0,0,0,0
"CROP_0906",0,0,0,0.0109977224396321,0,0.0364409658869273,0.102314051666646,0.538284405632243,0,0.115413169583873,0,0.00632935284569214,0.00166098325175221,0,0,0,0,0,0,0,0,0,0,0,0,0.0711831989027444,0,0,0,0,0,0,0,0,0,0,0.00122057102590882,0,0,0,0.00481936807137195,0.023404764001963,0,0.00369946269708447,0,0,0,0,0,0,0,0,0,0.00231530998729096,0,0,0,0,0,0,0.0559323526821105,0.00173648249046822,0,0.00412729171647519,0,0,0.00281863824539769,0,0,0,0,0,0.0173019088724189,0,0,0,0
"CROP_0907",0,0,0,0,0,0.0348633913700175,0.0414739869443324,0.720265251440572,0,0.0375324581277221,0.00356910089693057,0.00812099769301594,0.00205869877822952,0,0,0,0,0,0,0,0,0,0,0,0,0.044246505901948,0,0,0,0,0,0,0,0,0,0,0,0,0,0,0.00292769725748218,0.00851411605267786,0,0,0,0,0,0,0,0,0,0,0,0,0,0,0,0,0,0,0.0829996999886203,0,0,0,0.00348633913700175,0,0,0,0,0,0,0,0.00994175641145009,0,0,0,0
"CROP_0908",0,0,0,0,0,0.0430256012412723,0.0868735453840186,0.660434445306439,0,0.0540574088440652,0,0.00501163692785105,0,0,0,0,0,0,0,0,0,0,0,0,0,0.038355314197052,0,0,0,0,0,0,0,0,0,0,0,0,0,0,0.00428238944918541,0.0074166020170675,0,0,0,0,0,0,0,0,0,0,0,0,0,0,0,0,0,0,0.0683320403413499,0.00107059736229635,0,0.00640806826997673,0,0,0,0,0,0,0,0,0.0247323506594259,0,0,0,0
"CROP_0909",0,0,0,0,0,0.0416479352642733,0.0116241731423801,0.691959411726928,0,0.0424828206280907,0,0.00526619998715561,0,0,0,0,0,0,0,0,0,0,0.0417121572153362,0,0,0.0382762828334725,0,0,0,0,0,0,0,0,0,0,0,0,0,0,0.00759424571318477,0.0175647036156958,0,0,0,0,0,0,0,0,0,0,0,0,0,0,0,0,0,0,0.084130755892364,0,0,0.0134384432599062,0.0017500481664633,0,0,0,0,0,0,0,0.00255282255474921,0,0,0,0
"CROP_0910",0,0,0,0.00405250778717183,0,0.0455311169029305,0.03113279511792,0.575503782340601,0,0.022948318606573,0,0,0,0,0,0,0,0,0,0,0,0,0,0,0,0.0441008200368699,0,0,0,0,0,0,0,0,0,0,0,0,0,0,0.00120780624245121,0.0130633780433539,0,0,0,0,0,0,0,0,0,0,0,0,0,0,0,0,0,0.136704596020596,0.113549678977815,0,0,0.00300362341872735,0,0,0,0,0,0,0,0,0.00920157650499015,0,0,0,0
"CROP_1001",0,0,0,0,0,0.0119410436971468,0.0218121677987081,0.289892759442058,0,0.103339955689158,0.0089661843788681,0.024100521120461,0.00175787141534653,0,0,0,0,0.0232475894278077,0,0,0,0,0,0,0,0.168953286387418,0,0,0,0,0,0,0,0,0,0,0,0,0,0,0.00211152601961743,0.178553968732772,0.0108176702482863,0,0.0031828914384381,0,0,0.00161224893123498,0,0,0,0,0,0,0,0,0,0,0,0,0.0505830100167466,0.00319329304444606,0,0.00302686734831858,0.0199710835352978,0,0.00581449775845391,0.00219473886768117,0,0,0,0.00396301188903567,0.0593723670934792,0,0,0,0.00159144571921905
"CROP_1002",0,0,0,0,0,0.0101187206895095,0.0635535933077021,0.0233955807173941,0,0.159332882673539,0,0.00743588660272931,0.00372850564028899,0,0,0,0,0.00924204655878998,0,0,0.00215471714056361,0,0,0,0,0.310152520174067,0,0,0,0.00220752883518526,0,0,0,0,0.00178503527821201,0,0,0,0,0,0,0.153175039080654,0.0170370526849466,0,0.0023554015801259,0,0,0,0,0,0.00496429929443576,0,0,0,0,0,0,0,0,0.08191093835819,0,0.00266170940893151,0.0040031264523216,0.0100025349613418,0.0500760488402552,0,0.00741476192488065,0.00500654865013309,0,0,0,0.00871392961257341,0.0528539439773543,0,0.00342219781148337,0.0032954497443914,0
"CROP_1003",0,0,0,0.0119830989817829,0,0.0821153979358592,0.00763662810833276,0.514147676109995,0,0.0376463254138672,0.00801759368289811,0.00599154949089146,0,0,0,0,0,0,0,0,0,0,0,0,0,0.0686257532728406,0,0,0,0,0,0,0,0,0,0,0,0,0,0,0.00107363025559327,0.145702015654222,0.0102168040451617,0,0,0,0,0,0,0,0,0,0,0.00173166170256979,0,0,0,0,0,0,0.00522961834176075,0.00148922906421002,0,0.00200872757498095,0,0,0,0.00216457712821223,0,0,0.00169702846851839,0,0.0925226847683037,0,0,0,0
"CROP_1004",0,0,0,0,0,0.0335655962192528,0.0104964141497777,0.567991032189853,0,0.0561634587213228,0,0.033119753385221,0,0,0,0,0,0.00459855037387106,0,0,0,0,0,0,0,0.0636154032329975,0,0,0,0,0,0,0,0,0,0,0,0,0,0,0.00276422557099729,0.143242933391081,0.0108785651503764,0,0,0,0,0,0,0,0,0,0,0,0,0,0,0,0,0,0.0252729195062609,0,0,0.00603798580945951,0.0022801676369056,0,0.00170694113600754,0,0,0,0.00340114390532846,0.00138848196884196,0.0334764276524464,0,0,0,0
"CROP_1005",0,0,0,0.00624579502130523,0,0.0511661807580175,0.0149136577708006,0.408555729984301,0,0.082518501906257,0.00187261717873963,0.0758914554832922,0,0,0,0,0,0.0100583090379009,0,0,0,0,0,0,0,0.0854115272482619,0,0,0,0,0,0,0,0,0,0,0.00142408611796367,0,0,0,0.00151379233011886,0.110787172011662,0.0163377438887643,0,0,0,0,0,0.00262390670553936,0,0,0,0,0.00146893922404126,0,0,0,0,0,0,0.0584996636017044,0,0.00150257905359946,0.0043171114599686,0.0105516932047544,0,0.00372280780444046,0,0,0,0.00226508185691859,0.00117739403453689,0.0471742543171115,0,0,0,0
"CROP_1006",0,0,0,0,0,0.0375698688815755,0.0370161416705845,0.339090006790994,0,0.0899232095282871,0.00158804785038918,0.107203677584496,0.00124327430392311,0,0,0,0.0016402862665204,0.00768949485451601,0,0,0,0,0,0.00198505981298647,0,0.087185916523011,0,0,0,0,0,0,0,0,0,0,0,0,0,0,0.00297758971947971,0.105260408504414,0.00932978112103641,0,0,0,0,0,0,0,0,0,0,0,0,0,0,0,0,0,0.112636472862143,0.00124327430392311,0.00320743875045709,0.00620592383638928,0.00230893799300005,0,0.00167162931619913,0,0,0,0,0.00293579898657473,0.0400877605391005,0,0,0,0
"CROP_1007",0,0,0,0.00699539140094812,0,0.0400475158661196,0.0385296479206309,0.387683271555375,0,0.068810013528823,0,0.0743975274151149,0.00257377608148091,0,0,0,0,0.0056315100586249,0,0,0,0,0,0,0,0.0505296039244586,0,0,0,0,0,0,0,0,0,0,0,0,0,0,0.00196882871190206,0.12894178206496,0.0118019732283291,0,0,0,0,0,0,0,0,0,0,0.00318972249414301,0,0,0,0,0,0,0.113301142800576,0.00233179713364937,0,0.00500456460287955,0.00611546795428798,0,0.00426762871630168,0,0,0,0,0.00446561149180021,0.0434132230495947,0,0,0,0
"CROP_1008",0,0,0,0.00151057401812689,0,0.0511366450398692,0.0281932544202863,0.39975731761676,0,0.0614506463275717,0.00267445891733941,0.0629983656084394,0.00573275221633401,0,0,0,0,0,0,0,0,0,0,0,0,0.0484869496310237,0,0,0,0,0,0,0,0,0,0,0,0,0,0,0.0011886484077064,0.120895448467139,0.0118617205685702,0,0,0,0,0,0,0,0,0,0,0.00250111435788222,0,0,0,0,0,0,0.134998266554405,0.00199346243375761,0,0,0.00294685751077213,0,0,0,0,0,0,0.00162200980634936,0.0600515080976673,0,0,0,0
"CROP_1009",0,0,0,0.00417480505151411,0,0.0329660498889204,0.0278817337368978,0.4380712400662,0,0.067557291744323,0,0.0481444482547824,0.0016401019845234,0,0,0,0,0.00739536894839643,0,0,0,0,0,0,0,0.0496503600769357,0,0,0,0,0,0,0,0,0,0.00168483203864677,0,0,0,0,0.00122262147937199,0.133906872027315,0.00982570188909929,0.00117789142524862,0,0,0,0,0.00207249250771593,0,0,0,0,0.00207249250771593,0.00120771146133087,0,0,0,0,0,0.122396338099569,0,0,0.00137172165978321,0.00111825135308414,0,0.0047115657009945,0.00156555189431779,0,0,0.00350385423966363,0.00338457409533466,0.0312961278683147,0,0,0,0
"CROP_1010",0,0,0,0,0,0.0330860585797374,0.020989331197251,0.375729924888842,0,0.0685868189786276,0,0.0453337048259209,0.00175298064755802,0,0,0,0,0.00921765982888123,0,0,0,0,0,0,0.00119574176621507,0.0384262645259406,0.00135826977327343,0,0,0,0,0,0,0,0,0,0,0,0,0,0.00127700576974425,0.105062747419868,0.0106339753189612,0,0,0,0,0,0,0.00143953377680261,0,0,0,0.00160206178386097,0,0,0,0,0,0,0.225670137800532,0.00128861491310556,0.00241470181915276,0,0.00342469729158685,0,0,0,0,0,0.00596709968771404,0.00379618987914882,0.0417464795272757,0,0,0,0
"CROP_1101",0,0,0,0,0,0.012527687141258,0.0175530521351847,0.398861552385262,0,0.174065782265939,0,0.0206611570247934,0,0,0,0,0,0.0124800533498464,0,0,0,0,0,0,0,0.108640769762069,0,0,0,0,0,0,0,0,0,0.00306047109819706,0,0,0,0.0013932883987901,0,0.0316169290494677,0.0135041798651964,0,0,0,0.0134922714173435,0.00338199919022555,0.00358444280372496,0,0,0,0,0,0,0,0,0,0,0.0757258198966347,0.00322718936813776,0.00119084478529069,0,0.00161954890799533,0.0103008073927644,0,0,0,0,0,0.0120751661228475,0,0.078107509467216,0,0,0,0.00292947817181509
"CROP_1102",0,0,0,0,0,0.00805642068415227,0.0636791845769736,0.04406578981236,0,0.21489794342488,0,0.025533448302489,0,0,0,0,0,0.0453012792463514,0,0,0,0,0,0,0,0.158322823093357,0,0,0,0,0,0,0,0,0,0,0,0,0,0,0,0.0255849270289053,0.00386090448122313,0,0,0,0.0281331239865126,0.00211062778306865,0,0,0,0,0,0,0,0,0,0,0,0.240894700265115,0,0.00226506396231757,0.00478752155671669,0.0117114102597102,0,0,0,0.00347481403310082,0,0,0.0160871020050964,0.00424699492934545,0.0969859205683251,0,0,0,0
"CROP_1103",0,0,0,0,0,0.108408060701616,0,0.607040796216003,0,0.0644092432006307,0.0110243397713835,0.0117018131651557,0.0059740835632637,0,0,0,0,0,0,0,0,0,0,0,0,0.0260642491131257,0,0,0,0,0,0,0,0,0,0,0,0,0,0,0,0.0354256996452503,0.00915204966495861,0,0,0,0.00218023255813953,0,0,0,0,0,0,0,0,0,0,0,0,0,0.007686243594797,0,0,0.00373226251478124,0,0,0,0,0,0,0.00194619629483642,0.00208169097359086,0.103173039022467,0,0,0,0
"CROP_1104",0,0,0,0,0,0.0226641420209341,0.0127641987293471,0.216107111619458,0,0.21035937755308,0,0.0889745388837093,0,0,0,0,0,0.0158687440528253,0,0,0,0,0,0,0,0.107390355725147,0,0,0,0,0,0,0,0,0,0,0,0,0,0,0,0.0592650974135197,0.00694918349496833,0,0,0,0,0,0,0,0,0,0,0,0,0,0,0,0,0.0782191635989658,0.0144942859065176,0,0,0.023471516036947,0.00508453398179564,0,0,0,0,0,0.00592074278409473,0.00255668438404091,0.112590228852087,0,0.0173200949625628,0,0
"CROP_1105",0,0,0,0,0,0.0453271900877903,0.0195919722723782,0.462673557063695,0,0.161986592781686,0,0.0200693190544383,0,0,0,0,0,0,0,0,0,0,0,0,0,0.0571570885997136,0,0,0,0,0,0,0,0,0,0,0,0,0,0,0.00325841064275782,0.00659983811717826,0.00153581138575846,0,0,0,0,0,0,0,0,0,0,0,0.00244899653404728,0,0,0,0,0,0.053525102214474,0,0,0.0118921611356703,0.0154411306892472,0,0.00574891559263641,0,0,0,0.00886204677998464,0,0.123881867048544,0,0,0,0
"CROP_1106",0,0,0,0.00230360246403192,0,0.0120322092987382,0.0289492898939726,0.38789991670009,0,0.162763911599255,0.00303376217361347,0.0226040991783132,0.0031983052067586,0,0,0,0,0.0172770184802394,0,0,0,0,0,0,0,0.0804718271475437,0,0,0,0,0,0,0,0,0,0,0,0,0,0,0,0.0267382428860848,0.0063657585948025,0,0,0,0,0,0,0,0,0,0,0.00411357582862843,0,0,0,0,0,0.0793097419759562,0.0410637707092833,0.0032702927837596,0,0.0183876839539691,0.0122173202110264,0,0.00122378880901696,0,0,0,0,0,0.0834336017441561,0.0033422803607606,0,0,0
"CROP_1107",0,0,0,0,0,0.0519062228211524,0.0396249677437853,0.422675879997324,0,0.128680792499355,0,0.0113541875734725,0.00578222515315729,0,0,0,0,0,0,0,0,0,0,0,0,0.0652579063566247,0,0,0,0,0,0,0,0,0,0,0,0,0,0,0.0037847291911575,0.0298764228574705,0.00817157438999914,0,0,0,0,0,0,0,0,0,0,0,0,0,0,0,0,0.0876986743890434,0.01982204126884,0,0,0.0284428133153654,0.00178723322915771,0,0.00388030316063117,0,0,0,0,0,0.0912540260534641,0,0,0,0
"CROP_1108",0,0,0,0,0,0.0604579767028398,0.0237052005712565,0.363651378107664,0,0.139540080247933,0.00170988331989391,0.0200134070396673,0.00208877791918858,0,0,0,0,0.0112891160097541,0,0,0,0,0,0,0,0.0854455897640167,0,0,0,0,0,0,0,0,0,0,0,0,0,0,0.00298258056367858,0.0359269802100436,0.0138733714818665,0,0,0,0,0,0,0,0,0,0,0,0,0,0,0,0,0,0.126686809610321,0.00412897960769836,0,0.01876985553429,0.00499363651378108,0,0.00257454022597663,0,0,0,0,0,0.0807142648959011,0.00144757167422837,0,0,0
"CROP_1109",0,0,0,0,0,0.0436637423772333,0.0222397560714668,0.383211190756392,0,0.140325772975286,0,0.0162485289397668,0.00213972397560715,0,0,0,0,0.0218653043757355,0,0,0,0,0,0,0,0.085936664170322,0,0,0,0,0,0,0,0,0,0,0,0,0,0,0.00397186262972077,0.0463785171712849,0.00775649941157591,0,0,0,0,0,0,0,0,0,0,0.0138413394672087,0,0,0,0,0,0,0.103709746442709,0.00322295923825826,0,0.0286321814485931,0.00335669198673371,0,0,0,0,0,0.00851877607788595,0.00373114368246496,0.0576789344174602,0,0.00357066438429443,0,0
"CROP_1110",0,0,0,0,0,0.0469158086174126,0.0264867156199149,0.424375435861673,0,0.174604476897622,0,0.0146859744841449,0.00314504109064555,0,0,0,0,0.0176259041993136,0,0,0,0,0,0,0,0.0554621159289494,0,0,0,0,0,0,0,0,0,0,0,0,0,0,0,0.0448099984958499,0.00910694507117365,0,0,0,0,0,0,0,0,0,0,0,0,0,0,0,0,0,0.10221383544598,0,0,0.0153696790690678,0.00630375627298957,0,0.00425264251822073,0,0,0,0,0,0.0546416704270419,0,0,0,0
"CROP_1111",0,0,0,0,0,0.0249079337993958,0.0206768062822667,0.274866580186831,0,0.0718595196016124,0,0.0168287438078406,0,0,0,0,0,0.0100989874894439,0,0,0,0,0,0,0,0.048901735110523,0,0,0,0,0,0,0,0,0,0,0,0,0,0,0.005476088905914,0.0216954110549089,0.00639022139418264,0,0,0,0,0,0,0,0,0,0,0,0,0,0,0,0,0.327546729582198,0.0956966124861792,0,0.00227227218512489,0.00188920714242184,0.00201979749788879,0,0,0,0,0,0.00813142613374194,0,0.0607419273395262,0,0,0,0
"CROP_1112",0,0,0,0,0,0.0213892041957851,0.0337522736286429,0.264315312974385,0,0.279358870912597,0,0.00861585591006687,0.00480026257846583,0,0,0,0,0.00854747610125682,0,0,0,0,0,0,0,0.0282271850767905,0,0,0,0,0,0,0,0,0,0,0,0,0,0,0.00657813760752725,0.0227020965249381,0.00619521067819094,0,0,0,0.00158641156439327,0,0,0,0,0,0,0.00207874618782566,0,0,0,0,0,0.175503617291886,0.0252731773361962,0,0.00392500102569713,0.0109681213331328,0.00318649909054854,0,0.00856115206301883,0,0,0,0.0232217830718945,0,0.0567142134270593,0.00449939141970159,0,0,0
"CROP_1113",0,0,0,0,0,0.0303758427772199,0.0626285085831779,0.220676134461818,0,0.374372399942619,0,0.0309616028307751,0.00572610338067231,0,0,0,0,0,0,0,0,0,0,0,0,0.0473031128962846,0,0,0,0,0,0,0,0,0,0,0,0,0,0,0.00282121168651078,0.00877444651652082,0,0,0.0058695548223593,0,0,0,0,0,0,0,0,0,0,0,0,0,0,0,0.0587792282312437,0.00314397743030651,0.00494907473820112,0.00861904078802659,0.0106273609716444,0,0.0177162530483431,0,0,0,0.0375842777219911,0,0.0649476402237843,0,0,0,0.00412422894850093
"CROP_1114",0,0,0,0,0,0.00618709851199465,0.0587937606621338,0.0717066760262176,0,0.373364459281872,0,0.00518312342363668,0,0,0,0,0,0.00257115571408748,0,0,0.00195897578216189,0,0,0.149094381820705,0,0.17874837772318,0,0,0,0,0,0,0,0,0,0,0,0,0,0,0.00284051488413474,0.00697885122395174,0,0,0,0,0,0,0,0,0,0,0,0,0,0,0,0,0,0,0.0182919363659367,0,0,0,0.00170594141029932,0,0.091712716201546,0,0,0,0.00263645490682621,0,0.016243174193759,0,0.0119824018675569,0,0
"CROP_1201",0,0,0,0.00150784733045779,0,0.007734966834608,0.00472652143970423,0.0190510710790532,0,0.026046612780456,0,0.00906158251477038,0,0,0,0,0,0.00935155315524303,0,0,0,0,0,0.00218202906955671,0,0.564253869295734,0,0,0,0,0,0,0,0.0010221465076661,0,0,0,0,0,0,0,0.011127623328138,0.0200587190546957,0,0,0,0,0,0.0137083620283446,0,0,0,0,0,0,0,0,0,0,0.214375294501432,0,0.00318242777918736,0.00233426365580485,0.0441262822139258,0.00272572402044293,0,0,0,0,0,0.00126137228605604,0,0.0421617311247236,0,0,0,0
"CROP_1202",0,0,0,0,0,0.0137489588444029,0.0111931357895097,0.00415321246420136,0,0.0330431409239757,0,0.00457537966523282,0,0,0,0,0,0,0,0,0,0,0,0,0,0.238364729641842,0,0,0,0,0,0,0,0,0,0,0,0,0,0,0.00162020925801262,0.0310920438597492,0.038325935899045,0,0,0,0.00375386511187431,0,0.0165443903106922,0,0,0,0,0.00348002692742147,0,0,0,0,0,0.491254292984037,0,0.00435859110254099,0.00158597948495601,0.0241662197779629,0.0051344659584907,0,0,0,0,0,0.00167725887977363,0,0.065390276462467,0.00653788665381149,0,0,0
"CROP_1203",0,0,0,0.00237282567032325,0,0.0694690346250023,0,0.236616350594119,0,0.0798820888166901,0.00207165933524376,0.0230620402650264,0,0,0,0,0,0.00914450508332269,0,0,0.00340409221165605,0,0,0.00880683373793053,0,0.0574223812218227,0,0,0,0,0,0,0,0,0,0,0,0,0,0,0,0.0274335152499681,0.019694453063683,0.00621497800573129,0.00466351506744301,0,0,0.00110427656195813,0.0038512785879862,0,0,0,0,0.00146020041250662,0,0,0,0,0,0.32719440743242,0.029897603446073,0,0.00679905817073393,0.00237282567032325,0.0138536514136565,0,0.00322156716009272,0,0,0,0.00180699801047694,0,0.0550586818040776,0.00312117838173289,0,0,0
"CROP_1204",0.00161337209302326,0,0,0,0,0.0190988372093023,0.00473837209302326,0.11203488372093,0,0.329825581395349,0,0.00821220930232558,0,0,0,0,0,0.0110029069767442,0,0,0,0,0,0,0,0.106366279069767,0,0,0,0,0,0,0,0,0,0,0,0,0,0.0020203488372093,0,0.0321656976744186,0.0464825581395349,0.00462209302325581,0.0015406976744186,0,0,0,0.0065406976744186,0,0,0,0,0,0,0,0,0,0,0.217848837209302,0,0,0.00353197674418605,0.00956395348837209,0.0042296511627907,0,0,0,0,0,0.0026453488372093,0,0.0747093023255814,0.00120639534883721,0,0,0
"CROP_1205",0,0,0,0,0,0.0177026228600917,0.0277019497565609,0.150296539499959,0,0.0574456468898877,0,0.021247634788982,0,0,0,0,0,0.0149952508806438,0,0.00806228451338354,0.011652170010994,0,0,0,0,0.105310786858028,0,0,0,0,0,0,0,0,0,0,0,0,0,0,0,0.049645124860705,0.0684247133700798,0.00237829914216694,0.0112183921800328,0,0.00227359414848664,0,0,0,0,0,0,0.00128637563664376,0,0,0,0,0,0.271043833997711,0.00458458293757339,0.00350013836017022,0.00329820730092963,0.00343282800709002,0.033206440852897,0,0.0053100389652155,0,0,0,0.0117269592921942,0,0.105924058963869,0.00833152592570433,0,0,0
"CROP_1206",0,0,0,0,0,0.0341885124360015,0.00902274571244719,0.178272668774305,0,0.0778404163052906,0,0.00274179559634054,0.0015737347172873,0,0,0,0,0,0,0,0.00430853593710657,0,0,0.00227317236941499,0,0.138621548275187,0,0,0,0,0,0,0,0,0,0,0,0,0,0,0,0.0581022857622472,0.0654393867330666,0.00314047505805332,0.00165067285902135,0,0.00386789021626612,0,0.00195143104943625,0,0,0,0,0.00174159975379795,0,0,0,0,0,0.207334303220211,0.0143034999860112,0.00377696332148952,0.00234311613462776,0.0280334610972778,0.00580533251265982,0,0,0,0,0,0,0,0.148749405477996,0.00168564474162773,0.00323140195282992,0,0
"CROP_1207",0,0,0,0.0053869011416755,0,0.0208003892470502,0.00886232123307905,0.25078631379568,0,0.0408535631744487,0,0.0103741289728396,0.00212000625575616,0,0,0,0,0.0144577475802388,0.00159869324204563,0.00222426885849827,0,0,0,0.0026413192694667,0,0.0720107042938815,0,0,0,0,0,0,0,0,0,0,0,0,0,0,0,0.0472483361426312,0.0563018054807375,0,0.00338853458911846,0,0,0,0.0128416772377361,0,0,0,0,0,0,0,0,0,0,0.297235303317288,0.0161085721236554,0.00889707543399308,0,0.0171859523519905,0.00761117000017377,0,0.00298886127860705,0,0,0,0.00477870262567988,0.00184197264844388,0.079326463586286,0.00908822353902028,0,0,0.0030409925799781
"CROP_1208",0,0,0,0.0020275407620174,0,0.0229112106107967,0.00383543127481625,0.124288248711667,0,0.0302103573540593,0,0.0317479090985892,0.00238236039537045,0,0,0,0,0.0186195826645265,0,0,0,0,0,0.00177409816676523,0,0.0932330827067669,0.00131790149531131,0,0,0,0,0,0,0,0,0,0,0,0,0,0,0.0836360564332179,0.0518712511616119,0.00141927853341218,0,0,0,0,0.0100870152910366,0,0,0,0,0,0,0,0,0,0,0.337923460336234,0.013550730759483,0.00631916870828757,0.00253442595252175,0.0150882825040128,0.0112021627101462,0,0.00378474275576582,0.00283855706682436,0,0,0.00525470980822844,0,0.0964433555799611,0.0231308608600152,0,0,0.00256821829855538
"CROP_1209",0,0,0,0,0,0.0369891388928466,0.0146093398945673,0.14656466797453,0,0.0460638076345583,0,0.0191247547757088,0,0,0,0,0,0,0,0,0,0,0,0.00670736385256951,0,0.079534868428263,0.00219194897142795,0,0,0,0,0,0,0,0,0,0,0,0,0,0.00177547866685664,0.062437666451125,0.0563878872899839,0.00207139177799941,0.00135900836228533,0,0,0,0.0367261050162752,0,0,0,0,0.00295913111142773,0,0,0,0,0,0.278026807535921,0.0299858619291343,0.00317832600857052,0.00478940850257006,0.0167793693762809,0.0137654395405675,0,0,0,0,0,0.00326600396742764,0.00197275407428515,0.116567846300538,0.0140613526517103,0,0.00210427101257083,0
"CROP_1210",0,0,0,0,0,0.0224090909090909,0.00984848484848485,0.157863636363636,0,0.0659393939393939,0,0.0146969696969697,0,0,0,0,0,0,0,0,0.00307575757575758,0,0,0.00953030303030303,0,0.0789848484848485,0.00333333333333333,0,0,0,0,0,0,0,0,0,0,0,0,0,0,0.0598030303030303,0.0656818181818182,0.00243939393939394,0,0,0.00136363636363636,0,0.0131212121212121,0,0,0,0,0.00143939393939394,0.00127272727272727,0,0,0,0,0.309666666666667,0.0321060606060606,0.00362121212121212,0.0065,0.00301515151515151,0.00377272727272727,0,0.00363636363636364,0,0,0,0.00915151515151515,0.00113636363636364,0.103924242424242,0.00896969696969697,0.0036969696969697,0,0
"CROP_1301",0,0,0,0,0,0,0.0584607855132754,0.275810595864432,0,0.142591459684326,0.141808393490762,0,0,0,0,0,0,0,0,0,0.00369509360088095,0,0,0,0,0.114376605897467,0,0,0,0,0,0,0,0,0,0,0.00389086014927199,0,0,0,0.00242261103633917,0,0,0,0,0,0,0,0,0,0,0,0,0.00347485623394103,0,0,0,0,0,0,0.112394469595008,0,0,0,0.00296096904441454,0,0.006142175455769,0,0,0,0,0,0.131971124434112,0,0,0,0
"CROP_1302",0,0,0,0,0,0,0.186353153514489,0.00157090811858685,0,0.30615996523948,0.135632875430329,0,0,0,0,0,0,0,0,0,0,0,0,0,0,0.260052140780106,0,0,0,0,0,0,0,0,0,0.00212239713894181,0.00153748454159564,0,0,0,0.0034760520070858,0,0,0,0,0,0,0,0.00601624385841773,0,0,0,0,0.0017547377920385,0,0,0,0,0,0,0,0,0,0.00187172031150774,0.0031418162371737,0,0.0189177445770246,0,0,0,0.00247334469734951,0,0.0663123767505598,0,0,0,0.00260703900531435
"CROP_1303",0,0,0,0,0,0.0248007277768151,0,0.962268237740426,0,0.00309738346906949,0,0,0,0,0,0,0,0,0,0,0,0,0,0,0,0,0,0,0,0,0,0,0,0,0,0,0,0,0.00272916305666262,0,0,0,0,0,0,0,0,0,0,0,0,0,0,0,0,0,0,0,0,0,0.00419121469416046,0,0,0,0,0,0,0,0,0,0,0,0.00291327326286605,0,0,0,0
"CROP_1304",0,0,0,0,0,0,0.0845197774746747,0.292884400239077,0,0.216977517585937,0.132120580527502,0.00571638748831435,0.00390798608450445,0,0,0,0,0,0,0,0,0,0,0,0,0.146710395242985,0,0,0,0,0,0,0,0,0,0.00896537984092198,0,0,0,0,0.00301911081822501,0,0,0,0,0,0,0,0.00355550106511778,0,0,0,0,0,0,0,0,0,0,0,0.0406737061500973,0,0,0,0,0,0.00924123768218112,0,0,0,0,0,0.0517080198004628,0,0,0,0
"CROP_1305",0,0,0,0,0,0.0144577338765936,0.202984561566693,0.326502138329171,0,0.242849487913132,0.0226875208525008,0,0.00219393584001456,0,0,0,0,0,0,0,0,0,0,0,0,0.0722077869556865,0,0,0,0,0,0,0,0,0,0,0.00513603413238431,0,0,0,0.00728952875875805,0,0,0.00428676864592706,0,0,0,0,0,0,0,0,0,0,0,0,0,0,0,0,0.0768281956141504,0,0,0,0,0,0.0131636150400874,0,0,0,0,0,0.00569210081994561,0,0,0.00372059165495557,0
"CROP_1306",0,0,0,0,0,0.0151387476391109,0.325846287955833,0.184512567194537,0,0.150864448641581,0.032282434984745,0,0,0,0,0,0,0,0,0,0.002934766816795,0,0,0,0,0.0278076420165625,0,0,0,0,0,0,0,0,0,0,0,0,0,0,0.0032253377887549,0,0,0,0,0,0,0,0,0,0,0,0,0.00287665262240302,0,0,0,0,0,0,0.214528548597995,0,0,0.00892052883916897,0.0014819119569955,0,0.0156327182914427,0,0,0,0,0,0.0139474066540753,0,0,0,0
"CROP_1307",0,0,0,0,0,0.0143725249214803,0.0423494469479721,0.373472279120579,0,0.0513194728936228,0.00672538577085894,0,0,0,0,0,0,0,0,0,0,0,0,0,0,0.00480506622968729,0,0,0,0.00224464017479175,0,0,0,0,0,0,0.00418202922299604,0,0,0,0,0,0,0,0,0,0,0,0,0,0,0.00117779598525195,0,0,0,0,0,0,0,0,0.495519254403933,0,0,0,0.00151918612590468,0,0,0,0,0,0,0,0.0023129182029223,0,0,0,0
"CROP_1308",0,0,0,0,0,0.00562132964858839,0.0819960430863926,0.463555569512923,0,0.141977828722168,0.0518795339635085,0,0,0,0,0.0109286185346858,0,0,0,0,0,0,0,0,0,0.00373708507364256,0,0,0,0,0,0,0,0,0,0,0.0308388028766134,0,0,0,0.00455359105611908,0,0,0,0,0,0,0,0,0,0,0,0,0,0,0,0,0,0,0,0.195239142040637,0,0,0,0,0,0,0,0,0,0,0,0.00967245548472192,0,0,0,0
"CROP_1309",0,0,0,0,0,0.0579133510167993,0.0500540328126535,0.701133051707764,0,0.0705701280413924,0.0190097259062776,0,0,0,0,0,0,0,0,0,0,0,0,0,0,0,0,0,0,0,0,0,0,0,0,0,0,0,0,0,0.0014408750040934,0,0,0.00522317188983856,0,0,0,0,0,0,0,0,0,0.0032092216000262,0,0,0,0,0,0,0.0875495300782657,0,0,0,0,0,0,0,0,0,0,0,0.00389691194288895,0,0,0,0
"CROP_1310",0,0,0,0,0,0.00740757834494854,0.0639451700743065,0.596852356117598,0,0.0901601513822864,0.0139151705358379,0,0,0,0,0,0,0,0,0,0,0,0,0,0,0.011607513730558,0,0,0,0,0,0,0,0,0,0,0,0,0,0,0.0181381824895002,0,0,0,0,0,0,0,0,0,0,0,0,0,0,0,0,0,0,0,0.191766280518761,0,0,0,0,0,0.00620759680620298,0,0,0,0,0,0,0,0,0,0
"taxonomy",NA,NA,NA,NA,NA,NA,NA,NA,NA,NA,NA,NA,NA,NA,NA,NA,NA,NA,NA,NA,NA,NA,NA,NA,NA,NA,NA,NA,NA,NA,NA,NA,NA,NA,NA,NA,NA,NA,NA,NA,NA,NA,NA,NA,NA,NA,NA,NA,NA,NA,NA,NA,NA,NA,NA,NA,NA,NA,NA,NA,NA,NA,NA,NA,NA,NA,NA,NA,NA,NA,NA,NA,NA,NA,NA,NA,NA
